countrycode,country,year,theta_no_schooling,theta_primary,theta_secondary,theta_tertiary,theta_sum,Z_no_schooling,Z_primary,Z_secondary,Z_tertiary,tilde_A,y_observed,K_over_Y,h,ln_y_rel_us,ln_tilde_A_rel_us,ln_K_over_Y_rel_us,ln_capital_factor_rel_us,ln_h_rel_us,ln_yhat_with_A_rel_us,ln_yhat_without_A_rel_us,residual
ALB,Albania,2010,0.038599999999999995,0.1091,0.8377,0.0146,1.0,1.3231298123374369,1.8221188003905089,2.534509177617855,3.3201169227365472,2.4437478150098753,34823.10865405743,5.09138164371047,2.9040780067443848,-1.2232596212421232,-0.2029213922716464,0.3286111410391497,0.1643055705195748,-0.24269063489616816,-0.2813064566482397,-0.07838506437659334,-0.9419531645938835
ARE,United Arab Emirates,2010,0.101989801019898,0.25507449255074494,0.4831516848315169,0.15978402159784022,1.0,1.3231298123374369,1.8221188003905089,2.534509177617855,3.3201169227365472,2.427013509674754,117371.01242810229,4.193842172807111,2.717432737350464,-0.008200865399803803,-0.2097927497711618,0.13467920464750027,0.06733960232375012,-0.30911900528258685,-0.4515721527299985,-0.2417794029588367,0.4433712873301947
ARG,Argentina,2010,0.011200000000000002,0.4194,0.452,0.1174,1.0,1.3231298123374369,1.8221188003905089,2.534509177617855,3.3201169227365472,2.368483586004412,43415.45350955708,3.4438304424270774,2.830078363418579,-1.002725380050947,-0.23420432967421212,-0.062353742852790495,-0.031176871426395244,-0.26850219179883106,-0.5338833928994384,-0.2996790632252263,-0.4688419871515086
ARM,Armenia,2010,0.0041,0.05120000000000001,0.7307,0.21400000000000002,1.0,1.3231298123374369,1.8221188003905089,2.534509177617855,3.3201169227365472,2.6888569965760354,22025.29413144119,2.0325632191227045,3.111227512359619,-1.681349303259081,-0.1073380479306052,-0.589640429386035,-0.29482021469301745,-0.17378924649843097,-0.5759475091220536,-0.4686094611914484,-1.1054017941370273
AUS,Australia,2010,0.007800780078007801,0.06480648064806481,0.5473547354735474,0.38003800380038005,1.0,1.3231298123374369,1.8221188003905089,2.534509177617855,3.3201169227365472,2.8167552951546733,100048.34754950205,3.7823682132180543,3.4289608001708984,-0.16788728478113057,-0.06086862496785561,0.03141222942693722,0.015706114713468607,-0.07654935176359112,-0.12171186201797812,-0.06084323705012251,-0.04617542276315245
AUT,Austria,2010,0.014798520147985203,0.21747825217478253,0.5938406159384062,0.17388261173882613,1.0,1.3231298123374369,1.8221188003905089,2.534509177617855,3.3201169227365472,2.5454616648726387,94028.23264484611,4.670677916466907,3.282888174057007,-0.22994574496723708,-0.16214220862200657,0.24236612980963756,0.12118306490481877,-0.1200830175061196,-0.1610421612233074,0.0011000473986991638,-0.06890358374392969
BDI,Burundi,2010,0.5728,0.3599,0.058600000000000006,0.0087,1.0,1.3231298123374369,1.8221188003905089,2.534509177617855,3.3201169227365472,1.6340220004577108,1773.0334301559708,1.981375972545069,1.297952651977539,-4.200848947377396,-0.6054097823896039,-0.6151465564822385,-0.3075732782411192,-1.048018453383192,-1.961001514013915,-1.3555917316243111,-2.2398474333634812
BEL,Belgium,2010,0.05,0.1536,0.4964,0.3,1.0,1.3231298123374369,1.8221188003905089,2.534509177617855,3.3201169227365472,2.6633061093079484,108749.6108312492,4.972126384131754,3.092796802520752,-0.08449273802845703,-0.11688599363810148,0.3049094970375743,0.15245474851878713,-0.17973079769923883,-0.1441620428185532,-0.027276049180451706,0.05966930479009616
BEN,Benin,2010,0.6408359164083592,0.16758324167583244,0.16048395160483953,0.031096890310968902,1.0000000000000002,1.3231298123374369,1.8221188003905089,2.534509177617855,3.3201169227365472,1.7469925416694492,5784.0371025446175,2.9323959724460202,1.5562914609909058,-3.018438929905596,-0.538558480988211,-0.22311826856197903,-0.1115591342809895,-0.8665008708479425,-1.516618486117143,-0.978060005128932,-1.5018204437884526
BGD,Bangladesh,2010,0.41985801419858015,0.20267973202679732,0.33166683331666835,0.045795420457954206,1.0,1.3231298123374369,1.8221188003905089,2.534509177617855,3.3201169227365472,2.010797284128282,7185.921706060307,2.9506623111748085,1.8734359741210938,-2.8014170361393305,-0.3979229407161986,-0.21690843804628335,-0.10845421902314166,-0.6810324291318764,-1.1874095888712168,-0.7894866481550181,-1.614007447268114
BGR,Bulgaria,2010,0.0226,0.0533,0.6888,0.2353,1.0,1.3231298123374369,1.8221188003905089,2.534509177617855,3.3201169227365472,2.689786370887827,37996.68508335553,2.6675673509895774,3.082859516143799,-1.1360419081549384,-0.10699246847588151,-0.31777114285566166,-0.1588855714278308,-0.18294901271666086,-0.44882705262037315,-0.34183458414449164,-0.6872148555345652
BHR,Bahrain,2010,0.317,0.134,0.4542,0.09480000000000001,1.0,1.3231298123374369,1.8221188003905089,2.534509177617855,3.3201169227365472,2.2276708043848172,97669.52762447699,3.8557456306677436,2.2646985054016113,-0.19195121642431623,-0.29549768562759837,0.05062631196033718,0.025313155980168586,-0.49136495344743947,-0.7615494830948693,-0.4660517974672709,0.569598266670553
BLZ,Belize,2010,0.001,0.15960000000000002,0.7822,0.0572,1.0,1.3231298123374369,1.8221188003905089,2.534509177617855,3.3201169227365472,2.4873306826704042,20878.56610117645,1.8626556720034182,3.2668745517730713,-1.7348177420866087,-0.18524412244342947,-0.6769348453990648,-0.33846742269953234,-0.12497286004305908,-0.6486844051860209,-0.4634402827425914,-1.0861333369005877
BOL,Bolivia (Plurinational State of),2010,0.1353135313531353,0.39533953395339533,0.24162416241624163,0.2277227722772277,1.0,1.3231298123374369,1.8221188003905089,2.534509177617855,3.3201169227365472,2.368928335100679,11866.295142524625,2.1141190650876722,2.718721389770508,-2.2998387889420755,-0.23401656930843417,-0.550299887419942,-0.2751499437099709,-0.3086449008278389,-0.817811413846244,-0.5837948445378098,-1.4820273750958315
BRA,Brazil,2010,0.12369999999999999,0.3701,0.3932,0.113,1.0,1.3231298123374369,1.8221188003905089,2.534509177617855,3.3201169227365472,2.2840240127743536,34024.6119183441,4.058285206484136,2.4733617305755615,-1.246456686734886,-0.27051543769679676,0.10182242599679947,0.05091121299839973,-0.4032283435144728,-0.6228325682128698,-0.35231713051607305,-0.6236241185220162
BRB,Barbados,2010,0.00020000000000000004,0.11310000000000002,0.8653000000000001,0.021400000000000006,1.0000000000000002,1.3231298123374369,1.8221188003905089,2.534509177617855,3.3201169227365472,2.483990893969808,37378.10150764547,4.005728512805374,2.8000993728637695,-1.1524558176775574,-0.18658774471833484,0.08878736934213283,0.04439368467106641,-0.27915168646464283,-0.42134574651191126,-0.23475800179357642,-0.7311100711656462
BRN,Brunei Darussalam,2010,0.2061,0.1352,0.552,0.1067,1.0,1.3231298123374369,1.8221188003905089,2.534509177617855,3.3201169227365472,2.351971306778284,177951.4845533093,3.4521667243505174,2.6969714164733887,0.4079701250243186,-0.24120041244624246,-0.059936025506758694,-0.029968012753379344,-0.3166771474902832,-0.587845572689905,-0.34664516024366254,0.9958156977142236
BWA,Botswana,2010,0.1573,0.0859,0.7158,0.040999999999999995,1.0,1.3231298123374369,1.8221188003905089,2.534509177617855,3.3201169227365472,2.3686789230613186,37291.09430617313,4.574276616963895,2.7158873081207275,-1.154786289832849,-0.23412185960625753,0.22151047425357495,0.11075523712678746,-0.3096878763442875,-0.43305449882375757,-0.19893263921750004,-0.7217317910090914
CAF,Central African Republic,2010,0.5327,0.28669999999999995,0.16119999999999998,0.019399999999999997,0.9999999999999999,1.3231298123374369,1.8221188003905089,2.534509177617855,3.3201169227365472,1.7702589505479487,2873.55507844333,3.7984751891514628,1.4683477878570557,-3.717990862925693,-0.525328407279602,0.03566162472926515,0.017830812364632572,-0.9246687784824185,-1.4321663733973877,-0.9068379661177859,-2.285824489528305
CAN,Canada,2010,0.0058,0.055,0.4625,0.4767,1.0,1.3231298123374369,1.8221188003905089,2.534509177617855,3.3201169227365472,2.9014628670189895,90123.13916210932,3.8116259981675618,3.65504789352417,-0.27236388133542455,-0.031239196199176256,0.03911777380873027,0.019558886904365132,-0.012697396645248826,-0.02437770594005995,0.006861490259116306,-0.2479861753953646
CHE,Switzerland,2010,0.0144,0.0277,0.6259,0.332,1.0,1.3231298123374369,1.8221188003905089,2.534509177617855,3.3201169227365472,2.7923983108386548,115141.49918374034,3.9436963358483443,3.6348724365234375,-0.02737902973545303,-0.06955340670907106,0.07318034436139054,0.03659017218069526,-0.018232576070792428,-0.05119581059916823,0.018357596109902834,0.0238167808637152
CHL,Chile,2010,0.029500000000000005,0.22000000000000003,0.5697000000000001,0.18080000000000002,1.0000000000000002,1.3231298123374369,1.8221188003905089,2.534509177617855,3.3201169227365472,2.536663889849019,49671.372841731994,3.3081288406587235,2.9787709712982178,-0.8681120614366051,-0.16560445437616556,-0.10255537085460187,-0.05127768542730093,-0.21729580361695033,-0.4341779434204168,-0.26857348904425127,-0.4339341180161883
CHN,China,2010,0.0658934106589341,0.2808719128087191,0.6174382561743826,0.0357964203579642,1.0,1.3231298123374369,1.8221188003905089,2.534509177617855,3.3201169227365472,2.3256690346016176,17729.819709567142,3.6088335474856725,2.4410219192504883,-1.8982928780583421,-0.25244648844601214,-0.015553492370301125,-0.007776746185150562,-0.4163898223348089,-0.6766130569659716,-0.4241665685199595,-1.2216798210923705
CIV,Côte d'Ivoire,2010,0.46950000000000003,0.3069,0.17329999999999998,0.050300000000000004,1.0,1.3231298123374369,1.8221188003905089,2.534509177617855,3.3201169227365472,1.873121452792586,9808.427225517795,2.152708239559924,1.5302809476852417,-2.490298892300107,-0.46884797755987384,-0.532211399703847,-0.26610569985192345,-0.8833552488392925,-1.61830892625109,-1.149460948691216,-0.871989966049017
CMR,Cameroon,2010,0.1823817618238176,0.5375462453754625,0.25537446255374463,0.024697530246975307,1.0,1.3231298123374369,1.8221188003905089,2.534509177617855,3.3201169227365472,2.0041733155279156,7003.233550524772,2.680211404658924,1.8698792457580566,-2.827168851242547,-0.40122257863178634,-0.31304242171441543,-0.1565212108572077,-0.6829327390039813,-1.2406765284929753,-0.839453949861189,-1.5864923227495717
COD,D.R. of the Congo,2010,0.44179999999999997,0.3342,0.2122,0.0118,1.0,1.3231298123374369,1.8221188003905089,2.534509177617855,3.3201169227365472,1.8374494851282863,2334.0956850215307,4.157235041425887,1.6226963996887207,-3.9259163002503934,-0.4880757822688585,0.12591210432816502,0.0629560521640825,-0.8247173834801407,-1.2498371135849167,-0.7617613313160582,-2.676079186665477
COG,Congo,2010,0.321,0.2466,0.40950000000000003,0.0229,1.0,1.3231298123374369,1.8221188003905089,2.534509177617855,3.3201169227365472,2.064862623217052,16742.665282574606,4.043997965492399,2.023773670196533,-1.9555805606375731,-0.37139054499629687,0.09829570260366749,0.04914785130183374,-0.6038426711773939,-0.926085364871857,-0.5546948198755601,-1.0294951957657161
COL,Colombia,2010,0.07929207079292071,0.3574642535746425,0.36566343365663434,0.19758024197580246,1.0,1.3231298123374369,1.8221188003905089,2.534509177617855,3.3201169227365472,2.419199261485406,28620.961826966617,3.2703820303166737,2.3859755992889404,-1.4194014490517635,-0.2130176411783855,-0.11403128853332856,-0.05701564426666427,-0.4391984963193063,-0.7092317817643561,-0.4962141405859706,-0.7101696672874074
CRI,Costa Rica,2010,0.05480000000000001,0.5212000000000001,0.2356,0.18840000000000004,1.0000000000000002,1.3231298123374369,1.8221188003905089,2.534509177617855,3.3201169227365472,2.3273548518883187,32374.175874863064,2.7177760682206946,2.5200469493865967,-1.296179765334605,-0.25172187692387527,-0.2991241715664882,-0.14956208578324406,-0.3845290612657747,-0.785813023972894,-0.5340911470490187,-0.5103667413617111
CYP,Cyprus,2010,0.0086,0.233,0.4495,0.3089,1.0,1.3231298123374369,1.8221188003905089,2.534509177617855,3.3201169227365472,2.6610471414910615,76439.51495305968,6.131780410727549,2.722369432449341,-0.43704105553539385,-0.11773453536552736,0.514547054523173,0.2572735272615864,-0.3073039773458941,-0.16776498544983504,-0.050030450084307676,-0.26927607008555876
CZE,Czech Republic,2010,0.0014000000000000002,0.0005,0.8329000000000001,0.16519999999999999,1.0,1.3231298123374369,1.8221188003905089,2.534509177617855,3.3201169227365472,2.678706795259067,62541.112090223476,5.379408879642596,3.6364033222198486,-0.6377166954929709,-0.11112010392830052,0.3836403990032067,0.1918201995016033,-0.017811498458053077,0.06288859711524972,0.17400870104355023,-0.7006052926082207
DEU,Germany,2010,0.0184,0.016399999999999998,0.7225,0.2427,1.0,1.3231298123374369,1.8221188003905089,2.534509177617855,3.3201169227365472,2.7208706357483434,90382.27729302165,4.175239257575832,3.6533331871032715,-0.2694926288929089,-0.09550232714589835,0.13023356840306355,0.06511678420153176,-0.013166640499241877,-0.043552183443608464,0.05195014370228988,-0.22594044544930048
DNK,Denmark,2010,0.02889422115576885,0.06898620275944811,0.6161767646470707,0.2859428114377125,1.0000000000000002,1.3231298123374369,1.8221188003905089,2.534509177617855,3.3201169227365472,2.7184153405302007,97229.01004424936,4.299272353090384,3.4391186237335205,-0.1964717052453686,-0.09640512776922128,0.15950769270707021,0.0797538463535351,-0.07359136879859274,-0.09024265021427892,0.0061624775549423555,-0.1062290550310897
DOM,Dominican Republic,2010,0.10800000000000001,0.35359999999999997,0.4357,0.1027,1.0,1.3231298123374369,1.8221188003905089,2.534509177617855,3.3201169227365472,2.3008625120843678,32583.052827508774,3.2864165465402517,2.4240472316741943,-1.2897485281417236,-0.2631701850168989,-0.10914031986932216,-0.05457015993466107,-0.42336804029317987,-0.7411083852447399,-0.47793820022784095,-0.5486401428969838
DZA,Algeria,2010,0.2699,0.4415,0.1873,0.1013,1.0,1.3231298123374369,1.8221188003905089,2.534509177617855,3.3201169227365472,2.063528966083533,54466.348765990886,4.015249677752664,2.039870500564575,-0.7759577722965769,-0.37203663544148047,0.09116143624345541,0.0455807181217277,-0.5959202675987512,-0.9223761849185039,-0.5503395494770235,0.146418412621927
ECU,Ecuador,2010,0.1063106310631063,0.4959495949594959,0.2822282228222822,0.11551155115511551,0.9999999999999999,1.3231298123374369,1.8221188003905089,2.534509177617855,3.3201169227365472,2.2178795631421457,22089.42059380772,4.334959662525837,2.705012559890747,-1.6784420416828372,-0.29990265521085924,0.16777420965864942,0.0838871048293247,-0.31370003782401346,-0.529715588205548,-0.22981293299468875,-1.148726453477289
EGY,Egypt,2010,0.37386261373862617,0.1050894910508949,0.42025797420257976,0.10078992100789921,1.0000000000000002,1.3231298123374369,1.8221188003905089,2.534509177617855,3.3201169227365472,2.1940993763805046,37751.008498976225,1.4085083162595744,2.356199026107788,-1.1425286388847642,-0.31068258746910127,-0.9564068828070467,-0.4782034414035233,-0.4517568548264532,-1.2406428836990777,-0.9299602962299764,0.09811424481431358
ESP,Spain,2010,0.024900000000000002,0.3012,0.4172,0.25670000000000004,1.0,1.3231298123374369,1.8221188003905089,2.534509177617855,3.3201169227365472,2.559930335055342,83568.4439846231,6.187388386140938,2.803053140640259,-0.34787484489331355,-0.15647419765699222,0.5235749936670739,0.2617874968335369,-0.2780973628341554,-0.17278406365761073,-0.01630986600061851,-0.17509078123570282
EST,Estonia,2010,0.0018,0.0462,0.6039,0.3481,1.0,1.3231298123374369,1.8221188003905089,2.534509177617855,3.3201169227365472,2.805887194221884,56624.944873572495,4.7912734742155605,3.472615957260132,-0.7370912191600407,-0.06473446366856273,0.2678581416318333,0.13392907081591662,-0.06389840521622037,0.005296201931133532,0.07003066559969626,-0.7423874210911743
FIN,Finland,2010,0.0036996300369963007,0.28687131286871315,0.3933606639336067,0.3160683931606839,1.0,1.3231298123374369,1.8221188003905089,2.534509177617855,3.3201169227365472,2.6400466186358122,93452.63036770829,4.979896810460063,3.335679292678833,-0.2360861485951773,-0.12565766733269412,0.30647107456917855,0.15323553728458925,-0.10413024873743626,-0.07655237878554114,0.049105288547152987,-0.15953376980963618
FJI,Fiji,2010,0.030203020302030203,0.32653265326532654,0.5119511951195119,0.1313131313131313,1.0,1.3231298123374369,1.8221188003905089,2.534509177617855,3.3201169227365472,2.4234540865933942,26405.141862978257,2.0297378547937774,2.6106793880462646,-1.4999820707030302,-0.21126041186750244,-0.5910314463161397,-0.2955157231580698,-0.3491961039291577,-0.8559722389547298,-0.6447118270872274,-0.6440098317483002
FRA,France,2010,0.015501550155015502,0.1923192319231923,0.5478547854785479,0.2443244324432443,1.0,1.3231298123374369,1.8221188003905089,2.534509177617855,3.3201169227365472,2.622625920303587,96427.77644185953,5.048399478547783,3.05643367767334,-0.20474653195103265,-0.13227816740518128,0.3201331626501902,0.16006658132509508,-0.19155782185513193,-0.16376940793521813,-0.03149124053003685,-0.04097712401581452
GAB,Gabon,2010,0.19191919191919193,0.3564356435643564,0.32983298329832983,0.1218121812181218,0.9999999999999999,1.3231298123374369,1.8221188003905089,2.534509177617855,3.3201169227365472,2.231795932821408,49222.16137386995,5.125053928370589,2.450770616531372,-0.877196872916242,-0.29364763051730236,0.33520295211645257,0.16760147605822626,-0.41240408086464975,-0.5384502353237258,-0.2448026048064235,-0.3387466375925162
GBR,United Kingdom,2010,0.0016,0.159,0.556,0.2834,1.0,1.3231298123374369,1.8221188003905089,2.534509177617855,3.3201169227365472,2.688171404115447,84345.109263124,4.422808696565758,3.7031314373016357,-0.33862400358522926,-0.10759305586927093,0.1878368505258161,0.09391842526290804,0.00037220279248217913,-0.013302427813880704,0.09429062805539022,-0.32532157577134857
GHA,Ghana,2010,0.3533,0.1035,0.5119,0.0313,1.0,1.3231298123374369,1.8221188003905089,2.534509177617855,3.3201169227365472,2.143707295753434,10458.395374036918,5.5415940274723905,2.2591521739959717,-2.4261357884825507,-0.3339175315237315,0.41334409450181653,0.20667204725090824,-0.493816994674107,-0.6210624789469302,-0.28714494742319874,-1.8050733095356208
GMB,Gambia,2010,0.726927307269273,0.030196980301969805,0.22357764223577642,0.0192980701929807,0.9999999999999999,1.3231298123374369,1.8221188003905089,2.534509177617855,3.3201169227365472,1.7383322769566627,10040.92586972127,2.6483198842349402,1.458304762840271,-2.466871501316138,-0.5435280508198506,-0.32501266247926197,-0.16250633123963096,-0.9315319535702087,-1.6375663356296903,-1.0940382848098396,-0.8293051656864481
GRC,Greece,2010,0.0279,0.3406,0.36310000000000003,0.26839999999999997,1.0,1.3231298123374369,1.8221188003905089,2.534509177617855,3.3201169227365472,2.5437678645883657,69958.304240378,5.908310517695822,2.9418528079986572,-0.5256414185592977,-0.16280784979107088,0.4774218266781094,0.23871091333905467,-0.2297670036685846,-0.1538639401206008,0.008943909670470068,-0.3717774784386969
GTM,Guatemala,2010,0.3124312431243124,0.46184618461846183,0.22552255225522552,0.00020002000200020003,0.9999999999999999,1.3231298123374369,1.8221188003905089,2.534509177617855,3.3201169227365472,1.879162176687863,19479.84314540438,3.176160180040916,1.7620407342910767,-1.8041605833296153,-0.46562821609705174,-0.14326511882674198,-0.07163255941337097,-0.7423339478648883,-1.279594723375311,-0.8139665072782593,-0.5245658599543044
HKG,"China, Hong Kong SAR",2010,0.0628062806280628,0.1975197519751975,0.5675567556755675,0.1721172117211721,0.9999999999999999,1.3231298123374369,1.8221188003905089,2.534509177617855,3.3201169227365472,2.511743514712815,110400.77100730452,4.523109244718689,3.1425347328186035,-0.06942371184719676,-0.17547710353179613,0.21026154789716678,0.10513077394858338,-0.1637768792959864,-0.23412320887919913,-0.05864610534740301,0.16469949703200237
HND,Honduras,2010,0.18719999999999998,0.5363,0.2253,0.0512,1.0,1.3231298123374369,1.8221188003905089,2.534509177617855,3.3201169227365472,2.0297682436699205,11009.015923146731,3.5262285165788803,2.066002130508423,-2.3748262629650068,-0.3885326220527229,-0.03870920457315874,-0.019354602286579366,-0.5831911914037838,-0.9910784157430861,-0.6025457936903632,-1.3837478472219207
HRV,Croatia,2010,0.019299999999999998,0.0885,0.7093,0.18289999999999998,1.0,1.3231298123374369,1.8221188003905089,2.534509177617855,3.3201169227365472,2.626806764669212,51609.66683478608,4.588216128482531,3.229398488998413,-0.8298318327269616,-0.13068529232685855,0.22455321003749695,0.11227660501874846,-0.13651069974851326,-0.15491938705662334,-0.024234094729764802,-0.6749124456703383
HTI,Haiti,2010,0.3511648835116488,0.3638636136386361,0.2746725327467253,0.010298970102989701,1.0,1.3231298123374369,1.8221188003905089,2.534509177617855,3.3201169227365472,1.9237452686190442,4896.37951247478,7.763655725637898,1.6132984161376953,-3.185044772418859,-0.44218029619853905,0.7505152264661155,0.3752576132330577,-0.8305258043881625,-0.8974484873536439,-0.4552681911551048,-2.287596285065215
HUN,Hungary,2010,0.0028000000000000004,0.0181,0.7848,0.1943,1.0,1.3231298123374369,1.8221188003905089,2.534509177617855,3.3201169227365472,2.692238434514783,60295.03105406812,4.247361510618529,3.274661064147949,-0.6742911328366556,-0.10608126353525926,0.14735987365466685,0.07367993682733341,-0.12259222145618276,-0.1549935481641086,-0.04891228462884935,-0.519297584672547
IDN,Indonesia,2010,0.09470000000000002,0.48240000000000005,0.34790000000000004,0.07500000000000001,1.0,1.3231298123374369,1.8221188003905089,2.534509177617855,3.3201169227365472,2.1974916019485646,18284.036805433723,5.1444633873624745,2.4167702198028564,-1.8675124559742766,-0.30913771397816536,0.33898297049632564,0.1694914852481628,-0.4263745644704714,-0.5660207932004739,-0.2568830792223086,-1.301491662773803
IND,India,2010,0.4229,0.1563,0.33,0.0908,1.0,1.3231298123374369,1.8221188003905089,2.534509177617855,3.3201169227365472,2.092852413652911,12027.559011771413,3.5965812920575795,1.9660980701446533,-2.286340228444411,-0.35792631619199833,-0.018954342289380977,-0.009477171144690487,-0.6327556897589013,-1.0001591770955902,-0.6422328609035918,-1.286181051348821
IRL,Ireland,2010,0.0084008400840084,0.18091809180918092,0.3681368136813682,0.44254425442544254,1.0,1.3231298123374369,1.8221188003905089,2.534509177617855,3.3201169227365472,2.8032897990918224,128144.96339249457,4.209662384200304,3.031862735748291,0.07962132017150658,-0.06566058716896483,0.1384443552403951,0.06922217762019754,-0.19962939842002747,-0.19606780796879475,-0.13040722079982991,0.27568912814030133
IRN,Iran (Islamic Republic of),2010,0.16820000000000002,0.22390000000000002,0.4252,0.1827,1.0,1.3231298123374369,1.8221188003905089,2.534509177617855,3.3201169227365472,2.4048169355494413,68204.52640723057,3.7494424087092746,2.1219894886016846,-0.551029897173084,-0.21898046052325848,0.02266904245430279,0.011334521227151393,-0.5564525066786091,-0.7640984459747162,-0.5451179854514577,0.21306854880163217
IRQ,Iraq,2010,0.2809,0.32880000000000004,0.24760000000000001,0.1427,1.0,1.3231298123374369,1.8221188003905089,2.534509177617855,3.3201169227365472,2.178747999116089,60803.40520691866,1.5555149702759148,2.173938512802124,-0.6658950353310757,-0.3177038434207484,-0.8571314340597891,-0.4285657170298945,-0.5322660880051812,-1.278535648455824,-0.9608318050350757,0.6126406131247484
ISL,Iceland,2010,0.015301530153015303,0.3497349734973497,0.3584358435843585,0.27652765276527647,1.0,1.3231298123374369,1.8221188003905089,2.534509177617855,3.3201169227365472,2.557080282513677,84428.82651043439,4.613031442350626,3.0527257919311523,-0.3376319398072205,-0.15758814994256942,0.22994712512182036,0.11497356256091017,-0.19277169954679563,-0.23538628692845487,-0.07779813698588546,-0.10224565287876564
ISR,Israel,2010,0.0305,0.1184,0.41859999999999997,0.4325,1.0,1.3231298123374369,1.8221188003905089,2.534509177617855,3.3201169227365472,2.811227018947201,71020.63564691429,3.337213316096679,3.539247989654541,-0.5105703517004905,-0.06283319332538762,-0.09380197322335948,-0.04690098661167973,-0.044892321046755335,-0.1546265009838227,-0.09179330765843507,-0.3559438507166678
ITA,Italy,2010,0.063006300630063,0.19871987198719873,0.6169616961696169,0.12131213121312132,1.0,1.3231298123374369,1.8221188003905089,2.534509177617855,3.3201169227365472,2.4638427631342488,92488.26363273102,5.4541055407060846,2.996690273284912,-0.24645907260529754,-0.19473201293713294,0.3974305398391702,0.19871526991958507,-0.21129815591446732,-0.20731489893201518,-0.012582885994882248,-0.03914417367328238
JAM,Jamaica,2010,0.0521052105210521,0.2259225922592259,0.5746574657465746,0.14731473147314733,1.0,1.3231298123374369,1.8221188003905089,2.534509177617855,3.3201169227365472,2.481256363852316,19337.72291031801,7.455651490967538,2.549626350402832,-1.811483086235187,-0.18768921268235295,0.7100342387380285,0.3550171193690142,-0.3728597741444406,-0.20553186745777935,-0.017842654775426403,-1.6059512187774077
JOR,Jordan,2010,0.1012,0.1577,0.5793,0.1618,1.0,1.3231298123374369,1.8221188003905089,2.534509177617855,3.3201169227365472,2.4910983814017116,42468.008101181484,3.7371188510702695,2.7801027297973633,-1.0247897875166476,-0.1837305126672779,0.019376858408224118,0.009688429204112057,-0.2863187131402105,-0.46036079660337637,-0.27663028393609845,-0.5644289909132713
JPN,Japan,2010,0.0012,0.12710000000000002,0.5704,0.3013,1.0,1.3231298123374369,1.8221188003905089,2.534509177617855,3.3201169227365472,2.7220341962934014,77477.71874108656,5.160462998336938,3.4973220825195312,-0.423550434519413,-0.09507477582957446,0.34208820836644227,0.1710441041832211,-0.056809036962434334,0.01916029139121231,0.11423506722078677,-0.4427107259106253
KAZ,Kazakhstan,2010,0.00039996000399960006,0.030396960303969604,0.7409259074092591,0.2282771722827717,1.0,1.3231298123374369,1.8221188003905089,2.534509177617855,3.3201169227365472,2.716150620153757,42035.31348688724,2.332964509909556,3.2301177978515625,-1.0350307671094647,-0.09723857814002368,-0.4517983147499012,-0.22589915737495056,-0.13628798683188603,-0.4594257223468603,-0.3621871442068366,-0.5756050447626044
KEN,Kenya,2010,0.2648,0.4445,0.2115,0.07919999999999999,1.0,1.3231298123374369,1.8221188003905089,2.534509177617855,3.3201169227365472,2.042308974356936,6196.157621957168,2.4366470229182133,2.165915012359619,-2.9496114678877987,-0.3823732249375731,-0.4083151721303423,-0.20415758606517112,-0.5359636826532784,-1.1224944936560226,-0.7401212687184495,-1.8271169742317763
KGZ,Kyrgyzstan,2010,0.01,0.0337,0.7774,0.1789,1.0,1.3231298123374369,1.8221188003905089,2.534509177617855,3.3201169227365472,2.663691777572055,8621.898486164464,1.65481634912542,3.1568760871887207,-2.6192355269872927,-0.1167411960342839,-0.7952480600856707,-0.3976240300428353,-0.1592236346967666,-0.6735888607738858,-0.5568476647396019,-1.9456466662134067
KHM,Cambodia,2010,0.28332833283328335,0.5616561656165616,0.1346134613461346,0.020402040204020404,0.9999999999999999,1.3231298123374369,1.8221188003905089,2.534509177617855,3.3201169227365472,1.8575241560586002,4659.2923356317215,2.1299330072846607,1.7256673574447632,-3.234677252128357,-0.47720974077637046,-0.542847568213875,-0.27142378410693746,-0.7631927437765831,-1.511826268659891,-1.0346165278835207,-1.722850983468466
KOR,Republic of Korea,2010,0.040999999999999995,0.115,0.446,0.39799999999999996,1.0,1.3231298123374369,1.8221188003905089,2.534509177617855,3.3201169227365472,2.775932603320836,74080.83167176934,4.052115154894747,3.467933177947998,-0.46838401248196426,-0.07546747890198335,0.1003009097942007,0.05015045489710034,-0.06524780277294728,-0.09056482677783029,-0.01509734787584694,-0.377819185704134
KWT,Kuwait,2010,0.0713,0.4399,0.406,0.0828,1.0,1.3231298123374369,1.8221188003905089,2.534509177617855,3.3201169227365472,2.259667789100927,135879.21188546414,1.5877546904315827,2.1476356983184814,0.13822551377040249,-0.281236436402993,-0.8366172216276153,-0.4183086108138076,-0.5444390314720722,-1.2439840786888727,-0.9627476422858798,1.3822095924592752
LAO,Lao People's DR,2010,0.345934593459346,0.35613561356135615,0.24722472247224722,0.05070507050705071,1.0,1.3231298123374369,1.8221188003905089,2.534509177617855,3.3201169227365472,1.983700464583309,8964.110453957934,2.8340062608016727,1.8109501600265503,-2.580311951615064,-0.41149022095689336,-0.25724674502060174,-0.12862337251030084,-0.7149549354940802,-1.2550685289612744,-0.843578308004381,-1.3252434226537897
LBR,Liberia,2010,0.557944205579442,0.17528247175282474,0.2135786421357864,0.05319468053194681,0.9999999999999999,1.3231298123374369,1.8221188003905089,2.534509177617855,3.3201169227365472,1.8753888133473056,2598.128437267061,3.1351509286796073,1.7246019840240479,-3.818749475423868,-0.4676382378658315,-0.15626077941601912,-0.07813038970800955,-0.7638103033634651,-1.309578930937306,-0.8419406930714747,-2.5091705444865617
LKA,Sri Lanka,2010,0.054000000000000006,0.2057,0.5992000000000001,0.1411,1.0,1.3231298123374369,1.8221188003905089,2.534509177617855,3.3201169227365472,2.486354284242647,24213.85707878416,2.2767867857197923,2.8846120834350586,-1.5866157535802348,-0.1856367482115654,-0.47617295100767765,-0.2380864755038388,-0.2494161622195301,-0.6731393859349343,-0.4875026377233689,-0.9134763676453006
LSO,Lesotho,2010,0.1569,0.6344000000000001,0.18980000000000002,0.018900000000000004,1.0,1.3231298123374369,1.8221188003905089,2.534509177617855,3.3201169227365472,1.951544507279273,8941.199823054843,4.196521901912799,2.014831304550171,-2.582871040851943,-0.42783312882855173,0.13531796815595798,0.06765898407797898,-0.6082711212567959,-0.9684452660073687,-0.540612137178817,-1.614425774844574
LTU,Lithuania,2010,0.0,0.0836916308369163,0.6234376562343766,0.29287071292870714,1.0,1.3231298123374369,1.8221188003905089,2.534509177617855,3.3201169227365472,2.7406260091841825,52012.78886579081,4.144258811599293,3.1496520042419434,-0.8220512013576649,-0.0882678780994357,0.12278586208193532,0.06139293104096765,-0.16151462143360495,-0.188389568492073,-0.1001216903926373,-0.6336616328655919
LUX,Luxembourg,2010,0.0487,0.2041,0.428,0.31920000000000004,1.0,1.3231298123374369,1.8221188003905089,2.534509177617855,3.3201169227365472,2.6515751646082784,95849.99793492867,4.636278176400113,3.186408281326294,-0.2107563814807918,-0.12130037775881719,0.2349738317533694,0.11748691587668468,-0.14991224148255688,-0.15372570336468938,-0.032425325605872204,-0.05703067811610241
LVA,Latvia,2010,0.0022,0.0429,0.7751,0.17980000000000002,1.0,1.3231298123374369,1.8221188003905089,2.534509177617855,3.3201169227365472,2.665950108359144,48069.27286162833,6.664952262165007,3.0294175148010254,-0.9008976742925316,-0.11589373537160441,0.5979246956776036,0.29896234783880177,-0.20043623162319224,-0.017367619155994884,0.09852611621560953,-0.8835300551365368
MAC,"China, Macao SAR",2010,0.0375037503750375,0.24712471247124715,0.534053405340534,0.1813181318131813,1.0,1.3231298123374369,1.8221188003905089,2.534509177617855,3.3201169227365472,2.5130578923136246,176971.52846304287,2.2025914514694023,2.5749733448028564,0.40244803406647023,-0.17495394748071347,-0.5093034958293384,-0.25465174791466916,-0.3629674107952734,-0.792573106190656,-0.6176191587099426,1.1950211402571262
MAR,Morocco,2010,0.5089,0.2379,0.15960000000000002,0.09359999999999999,1.0,1.3231298123374369,1.8221188003905089,2.534509177617855,3.3201169227365472,1.933331515614395,20446.02658417182,4.9574496963353925,1.7502882480621338,-1.7557522648798223,-0.43720955422480834,0.3019533389165099,0.15097666945825491,-0.7490261057744654,-1.0352589905410188,-0.5980494363162104,-0.7204932743388033
MDA,Republic of Moldova,2010,0.011100000000000002,0.051000000000000004,0.7682,0.16970000000000002,1.0,1.3231298123374369,1.8221188003905089,2.534509177617855,3.3201169227365472,2.644637224161301,16825.714658131063,2.801381199820208,3.066927909851074,-1.9506324788327234,-0.12392034233210902,-0.26882551425569035,-0.13441275712784514,-0.18813021357101478,-0.446463313030969,-0.32254297069885995,-1.5041691658017546
MDV,Maldives,2010,0.29469999999999996,0.4046,0.2824,0.0183,1.0,1.3231298123374369,1.8221188003905089,2.534509177617855,3.3201169227365472,1.9685095592335327,43873.82730804552,2.64234524915383,1.7761234045028687,-0.9922228760205467,-0.4191775554189684,-0.3272712207021836,-0.16363561035109178,-0.734373466651102,-1.317186632421162,-0.8980090770021938,0.3249637564006155
MEX,Mexico,2010,0.0933906609339066,0.34346565343465657,0.38646135386461355,0.17668233176682335,1.0,1.3231298123374369,1.8221188003905089,2.534509177617855,3.3201169227365472,2.394570756146866,41740.269911614945,3.7660556621176853,2.599172830581665,-1.0420744613017519,-0.223250253099889,0.02709011483350965,0.013545057416754823,-0.35361334099899155,-0.5633185366821257,-0.34006828358223673,-0.4787559246196261
MLI,Mali,2010,0.8137813781378138,0.08300830083008301,0.0841084108410841,0.0191019101910191,1.0,1.3231298123374369,1.8221188003905089,2.534509177617855,3.3201169227365472,1.5656040243374498,6800.61071206492,1.1267170211062218,1.2226152420043945,-2.856528410680509,-0.6481825353366105,-1.1796299823439038,-0.5898149911719518,-1.1078143879122773,-2.34581191442084,-1.697629379084229,-0.5107164962596697
MLT,Malta,2010,0.0192,0.2834,0.5625,0.1349,1.0,1.3231298123374369,1.8221188003905089,2.534509177617855,3.3201169227365472,2.464733753488734,68581.79996824007,3.757753406877515,2.999403238296509,-0.545513636481223,-0.19437045200318526,0.02488318519620991,0.012441592598104954,-0.2103932450115651,-0.3923221044166454,-0.19795165241346013,-0.15319153206457758
MMR,Myanmar,2010,0.21722172217221722,0.5908590859085909,0.11711171117111713,0.07480748074807482,1.0,1.3231298123374369,1.8221188003905089,2.534509177617855,3.3201169227365472,1.9796252690456326,9082.724239742627,1.3913740804835857,1.7253780364990234,-2.5671666554099684,-0.41354667417206314,-0.968646289499381,-0.48432314474969046,-0.7633604152577669,-1.6612302341795204,-1.2476835600074574,-0.9059364212304477
MNG,Mongolia,2010,0.04459554044595541,0.10748925107489252,0.6105389461053895,0.2373762623737626,1.0,1.3231298123374369,1.8221188003905089,2.534509177617855,3.3201169227365472,2.640744394107622,20273.991184783343,5.5410033264669565,2.7936272621154785,-1.7642019872715267,-0.125393398031301,0.41323749476041494,0.20661874738020744,-0.2814657479334082,-0.20024039858450174,-0.07484700055320073,-1.5639615886870248
MOZ,Mozambique,2010,0.746,0.2177,0.0313,0.005,1.0,1.3231298123374369,1.8221188003905089,2.534509177617855,3.3201169227365472,1.5116117167280683,3377.129716446597,1.5874884742255546,1.1809171438217163,-3.5565146770217204,-0.6832777992366633,-0.8367849040335583,-0.4183924520167791,-1.142515216215071,-2.2441854674685136,-1.5609076682318501,-1.312329209553207
MRT,Mauritania,2010,0.4458,0.4103,0.12140000000000001,0.0225,1.0,1.3231298123374369,1.8221188003905089,2.534509177617855,3.3201169227365472,1.7806057639597657,18301.6102069825,4.79726713804432,1.6570870876312256,-1.8665517839984958,-0.5195006196684949,0.2691083140724102,0.13455415703620507,-0.8037452988494672,-1.1886917614817571,-0.6691911418132621,-0.6778600225167385
MUS,Mauritius,2010,0.0663,0.39390000000000003,0.48700000000000004,0.0528,1.0,1.3231298123374369,1.8221188003905089,2.534509177617855,3.3201169227365472,2.26588772078835,40970.12931903779,3.8802921999687325,2.4764835834503174,-1.0606975814413655,-0.2784876310506872,0.05697236460832089,0.028486182304160442,-0.40196694923217247,-0.6519683979786992,-0.373480766928012,-0.4087291834626663
MWI,Malawi,2010,0.2960703929607039,0.541045895410459,0.15928407159284072,0.0035996400359964,1.0,1.3231298123374369,1.8221188003905089,2.534509177617855,3.3201169227365472,1.8378074826420385,2839.6327655885643,2.19200312527986,1.6919158697128296,-3.7298660935068444,-0.4878809673114154,-0.5141223006104402,-0.25706115030522003,-0.7829450557686364,-1.5278871733852717,-1.0400062060738564,-2.2019789201215723
MYS,Malaysia,2010,0.08779999999999999,0.23,0.5185,0.1637,1.0,1.3231298123374369,1.8221188003905089,2.534509177617855,3.3201169227365472,2.46019052661627,46681.400636382146,3.407322702557536,2.883427619934082,-0.9301950173955245,-0.1962154461199802,-0.07301124375785939,-0.03650562187892969,-0.2498268610283243,-0.4825479290272342,-0.286332482907254,-0.44764708836829026
NAM,Namibia,2010,0.20920000000000002,0.4523,0.31679999999999997,0.0217,1.0,1.3231298123374369,1.8221188003905089,2.534509177617855,3.3201169227365472,2.0352327404659047,32240.057087051202,3.7880554300253575,2.138727903366089,-1.300331141100589,-0.38584406177491704,0.03291471281365377,0.01645735640682688,-0.5485953787182863,-0.9179820840863765,-0.5321380223114595,-0.3823490570142124
NER,Niger,2010,0.7815218478152185,0.166983301669833,0.0403959604039596,0.011098890110988902,1.0,1.3231298123374369,1.8221188003905089,2.534509177617855,3.3201169227365472,1.5180352211414703,2865.5183254175463,4.083898945658371,1.167344093322754,-3.720791579248206,-0.6790373618719269,0.10811406057252881,0.0540570302862644,-1.1540754305905696,-1.779055762176232,-1.1000184003043052,-1.941735817071974
NIC,Nicaragua,2010,0.23142314231423142,0.3797379737973797,0.2773277327732773,0.1115111511151115,1.0,1.3231298123374369,1.8221188003905089,2.534509177617855,3.3201169227365472,2.1625466575533188,12035.419493157606,3.607539900753792,2.0908353328704834,-2.2856869027005366,-0.3251677075708358,-0.015912023356818628,-0.007956011678409312,-0.5712429263996248,-0.9043666456488699,-0.5791989380780341,-1.381320257051667
NLD,Netherlands,2010,0.0,0.10478952104789521,0.607039296070393,0.28817118288171184,1.0,1.3231298123374369,1.8221188003905089,2.534509177617855,3.3201169227365472,2.7246900533362783,95679.21940689563,4.4619202921453915,3.2709224224090576,-0.21253969763132652,-0.09409956315801571,0.19664113668358096,0.09832056834179047,-0.1237345618306136,-0.11951355664683884,-0.02541399348882313,-0.09302614098448769
NOR,Norway,2010,0.0584941505849415,0.002799720027997201,0.6451354864513549,0.2935706429357064,1.0,1.3231298123374369,1.8221188003905089,2.534509177617855,3.3201169227365472,2.7371446843071983,160355.2335196927,3.073228111362544,3.5749871730804443,0.30385073428116094,-0.08953895187761751,-0.17620958423103295,-0.08810479211551646,-0.03484500513451594,-0.21248874912764992,-0.1229497972500324,0.5163394834088109
NPL,Nepal,2010,0.5058000000000001,0.2204,0.24030000000000004,0.03350000000000001,1.0000000000000002,1.3231298123374369,1.8221188003905089,2.534509177617855,3.3201169227365472,1.878867817422721,4534.290879541523,3.2771251925346623,1.5591062307357788,-3.261872124229976,-0.46578487225264675,-0.11197152307678415,-0.05598576153839207,-0.8646938652651477,-1.3864644990561865,-0.9206796268035398,-1.8754076251737894
NZL,New Zealand,2010,0.0014000000000000002,0.35159999999999997,0.2789,0.36810000000000004,1.0,1.3231298123374369,1.8221188003905089,2.534509177617855,3.3201169227365472,2.6493424585735124,69745.59380140278,2.9345037813544694,3.203183889389038,-0.528686582027591,-0.12214276254028655,-0.22239972586052148,-0.11119986293026073,-0.1446613127347971,-0.3780039382053444,-0.25586117566505784,-0.1506826438222466
PAK,Pakistan,2010,0.5246999999999999,0.1533,0.2553,0.0667,1.0,1.3231298123374369,1.8221188003905089,2.534509177617855,3.3201169227365472,1.9500711903660157,14201.342937758573,1.6615231838667788,1.7892049551010132,-2.12020429621057,-0.42858836311991244,-0.7912033331702374,-0.39560166658511864,-0.7270352313012032,-1.5512252610062343,-1.1226368978863217,-0.5689790352043358
PAN,Panama,2010,0.0814,0.3427,0.3398,0.2361,1.0,1.3231298123374369,1.8221188003905089,2.534509177617855,3.3201169227365472,2.4628573871312605,40886.3058666486,2.417482757721974,2.7511157989501953,-1.0627456423299009,-0.19513202754572423,-0.41621127941800407,-0.208105639709002,-0.2968000188655189,-0.7000376861202451,-0.5049056585745209,-0.3627079562096558
PER,Peru,2010,0.06840684068406841,0.33983398339833987,0.383038303830383,0.20872087208720874,1.0,1.3231298123374369,1.8221188003905089,2.534509177617855,3.3201169227365472,2.4513977152920834,20639.543013219838,2.6747716074359196,2.6818907260894775,-1.7463320298917449,-0.19979588498595746,-0.3150740991564832,-0.15753704957824158,-0.3222845527367303,-0.6796174873009293,-0.47982160231497184,-1.0667145425908156
PHL,Philippines,2010,0.03369663033696631,0.3176682331766823,0.4064593540645935,0.24217578242175783,1.0,1.3231298123374369,1.8221188003905089,2.534509177617855,3.3201169227365472,2.5286798343049037,15114.044129995884,3.3448235506631687,2.5914340019226074,-2.0579164430241814,-0.16875688097972796,-0.09152415344813547,-0.04576207672406773,-0.3565952021350507,-0.5711141598388464,-0.40235727885911843,-1.4868022831853351
POL,Poland,2010,0.0029002900290029,0.18021802180218022,0.6055605560556054,0.2113211321132113,0.9999999999999998,1.3231298123374369,1.8221188003905089,2.534509177617855,3.3201169227365472,2.612051700381606,58591.24671418608,2.2238453318210727,3.230424642562866,-0.7029555174800368,-0.13631823828291612,-0.4997002665360668,-0.24985013326803338,-0.13619299644543958,-0.5223613679963891,-0.386043129713473,-0.18059414948364771
PRT,Portugal,2010,0.1176,0.4632,0.292,0.1272,1.0,1.3231298123374369,1.8221188003905089,2.534509177617855,3.3201169227365472,2.2409008049267394,62236.29385717566,7.075328204759655,2.3612513542175293,-0.6426024973269548,-0.2895763128243023,0.657675736357118,0.3288378681785589,-0.44961487997388905,-0.4103533246196324,-0.12077701179533012,-0.23224917270732237
PRY,Paraguay,2010,0.044904490449044904,0.5671567156715671,0.2837283728372837,0.10421042104210419,0.9999999999999999,1.3231298123374369,1.8221188003905089,2.534509177617855,3.3201169227365472,2.2210281177091065,24506.70813350852,3.5321150637109278,2.3709867000579834,-1.5745939479859992,-0.2984840381449648,-0.03704123575587359,-0.018520617877936792,-0.44550039568002375,-0.7625050517029254,-0.46402101355796055,-0.812088896283074
QAT,Qatar,2010,0.039003900390039,0.4351435143514351,0.3378337833783378,0.18801880188018802,1.0,1.3231298123374369,1.8221188003905089,2.534509177617855,3.3201169227365472,2.399110275613661,201657.770649288,2.5647221658815402,2.6398301124572754,0.533031226479256,-0.2213562927826761,-0.35708794010068323,-0.1785439700503416,-0.33809202957887685,-0.7379922924118946,-0.5166359996292185,1.2710235188911505
ROU,Romania,2010,0.0184018401840184,0.10881088108810882,0.7542754275427542,0.1185118511851185,1.0,1.3231298123374369,1.8221188003905089,2.534509177617855,3.3201169227365472,2.5583440506986626,43389.56393174149,3.359346082435546,3.0996644496917725,-1.0033218796392518,-0.15709404891462875,-0.08719175874979701,-0.0435958793748985,-0.17751272972692744,-0.3782026580164547,-0.22110860910182595,-0.6251192216227971
RUS,Russian Federation,2010,0.008973975471133712,0.05603749127530162,0.31658191245388373,0.6184066207996809,1.0,1.3231298123374369,1.8221188003905089,2.534509177617855,3.3201169227365472,3.0086883593016536,49290.458109289975,3.8556519777480593,3.2980799674987793,-0.8758103145906126,0.00504997985082567,0.05060202248015622,0.025301011240078105,-0.11546612221037411,-0.08511513111947033,-0.090165110970296,-0.7906951834711423
RWA,Rwanda,2010,0.5319999999999999,0.38419999999999993,0.06959999999999998,0.014199999999999996,0.9999999999999999,1.3231298123374369,1.8221188003905089,2.534509177617855,3.3201169227365472,1.6764748360084278,3641.409193704403,1.517924546927977,1.5950671434402466,-3.4811700815711806,-0.5797609659345876,-0.8815941233045204,-0.4407970616522601,-0.8418907617729549,-1.8624487893598025,-1.282687823425215,-1.618721292211378
SAU,Saudi Arabia,2010,0.18071807180718072,0.2727272727272727,0.4093409340934093,0.13721372137213722,1.0,1.3231298123374369,1.8221188003905089,2.534509177617855,3.3201169227365472,2.316008215660997,155678.66279432244,2.5378162261738195,2.5051259994506836,0.2742531995225317,-0.25660913585541456,-0.3676341377059732,-0.18381706885298657,-0.39046756087074774,-0.8308937655791488,-0.5742846297237343,1.1051469651016805
SDN,Sudan,2010,0.5573,0.2912,0.12390000000000001,0.0276,1.0,1.3231298123374369,1.8221188003905089,2.534509177617855,3.3201169227365472,1.744307451799045,16790.10292519673,4.119298845705942,1.5208241939544678,-1.9527512282082586,-0.5400966417906766,0.11674487033601699,0.05837243516800849,-0.8895541725566773,-1.3712783791793455,-0.8311817373886689,-0.5814728490289129
SEN,Senegal,2010,0.6526000000000001,0.239,0.0786,0.0298,1.0,1.3231298123374369,1.8221188003905089,2.534509177617855,3.3201169227365472,1.6641493877067408,9097.52801422466,3.331608155544729,1.453606367111206,-2.5655380995959884,-0.5871401282737402,-0.09548297844915443,-0.04774148922457721,-0.9347589749981853,-1.5696405924965027,-0.9825004642227625,-0.9958975070994858
SGP,Singapore,2010,0.16390000000000002,0.0741,0.3923,0.3697,1.0,1.3231298123374369,1.8221188003905089,2.534509177617855,3.3201169227365472,2.669879422394981,118807.2862047716,4.030053578251199,3.060360908508301,0.003961907310207735,-0.11442093166846412,0.09484157526007753,0.047420787630038756,-0.1902737403581154,-0.25727388439654075,-0.14285295272807663,0.2612357917067485
SLE,Sierra Leone,2010,0.6514651465146515,0.19201920192019203,0.14341434143414342,0.013101310131013103,1.0,1.3231298123374369,1.8221188003905089,2.534509177617855,3.3201169227365472,1.6863280670446694,3854.5844554595074,2.2254238421326216,1.506676435470581,-3.4242776218776037,-0.5739008191950769,-0.4989907071383043,-0.24949535356915212,-0.898900404450101,-1.72229657721433,-1.1483957580192532,-1.7019810446632737
SLV,El Salvador,2010,0.042199999999999994,0.5409,0.34909999999999997,0.0678,1.0,1.3231298123374369,1.8221188003905089,2.534509177617855,3.3201169227365472,2.20445627956966,15083.556819979818,2.1933201180086384,2.0186495780944824,-2.059935631265322,-0.30597334964668577,-0.5135216640346131,-0.2567608320173065,-0.6063778311701584,-1.1691120128341508,-0.8631386631874649,-0.8908236184311715
SRB,Serbia,2010,0.0325,0.1027,0.7018000000000001,0.163,1.0,1.3231298123374369,1.8221188003905089,2.534509177617855,3.3201169227365472,2.5889822479998226,45221.26322412855,4.963101449484076,3.133087396621704,-0.9619734278921559,-0.14518939886478388,0.30309274209624326,0.1515463710481216,-0.16678768623709295,-0.16043071405375522,-0.015241315188971344,-0.8015427138384007
SVK,Slovakia,2010,0.0026,0.0074,0.8172,0.1728,1.0,1.3231298123374369,1.8221188003905089,2.534509177617855,3.3201169227365472,2.6801871542703464,67001.97771434307,3.3032009864259946,3.612762928009033,-0.5688186923477829,-0.11056761714170726,-0.10404610124446356,-0.052023050622231774,-0.02433375969464513,-0.18692442745858417,-0.07635681031687691,-0.38189426488919875
SVN,Slovenia,2010,0.0048,0.0346,0.7376,0.223,1.0,1.3231298123374369,1.8221188003905089,2.534509177617855,3.3201169227365472,2.7054751614120045,63206.029169886235,5.301562101244013,3.39108943939209,-0.6271411345672409,-0.10117668562612592,0.36906341775415297,0.18453170887707646,-0.0876553550077388,-0.0043003317567882615,0.09687635386933766,-0.6228408028104526
SWE,Sweden,2010,0.0172982701729827,0.1270872912708729,0.5741425857414257,0.2814718528147184,0.9999999999999998,1.3231298123374369,1.8221188003905089,2.534509177617855,3.3201169227365472,2.69129764094218,96758.0627478412,4.136796763237366,3.346539258956909,-0.20132716509497328,-0.10643077120790922,0.12098366420651496,0.060491832103257474,-0.10087983848652882,-0.14681877759118056,-0.04038800638327134,-0.05450838750379272
SWZ,Eswatini,2010,0.44815518448155184,0.3137686231376862,0.2253774622537746,0.012698730126987301,1.0,1.3231298123374369,1.8221188003905089,2.534509177617855,3.3201169227365472,1.8477194880638832,36814.23329689695,4.776329220877642,1.7123980522155762,-1.167656284658463,-0.48250207338450835,0.2647342105975887,0.13236710529879434,-0.7709118354953023,-1.1210468035810162,-0.6385447301965079,-0.04660948107744678
SYR,Syrian Arab Republic,2010,0.2087,0.4484,0.2807,0.0622,1.0,1.3231298123374369,1.8221188003905089,2.534509177617855,3.3201169227365472,2.0839602351251645,25197.34116754135,2.9421030241175647,2.387016773223877,-1.5468023497012844,-0.36218420023409437,-0.21981345550061482,-0.1099067277503074,-0.4387622190868318,-0.9108531470712335,-0.5486689468371392,-0.635949202630051
TGO,Togo,2010,0.4984,0.2322,0.24309999999999998,0.0263,1.0,1.3231298123374369,1.8221188003905089,2.534509177617855,3.3201169227365472,1.86948823787482,3183.4478342788643,4.493208666539456,1.7663685083389282,-3.6155759953665445,-0.4707895190826965,0.2036289761341712,0.10181448806708558,-0.7398808445423827,-1.1088558755579936,-0.6380663564752971,-2.5067201198085507
THA,Thailand,2010,0.0365963403659634,0.5748425157484252,0.2632736726327367,0.1252874712528747,1.0,1.3231298123374369,1.8221188003905089,2.534509177617855,3.3201169227365472,2.24608086160763,24558.32150751443,4.015025151160372,2.5527467727661133,-1.5724900710120515,-0.2872673847442837,0.09110551621652374,0.045552758108261864,-0.37163664809035635,-0.6133512747263782,-0.3260838899820945,-0.9591387962856732
TJK,Tajikistan,2010,0.0037,0.0641,0.8449,0.0873,1.0,1.3231298123374369,1.8221188003905089,2.534509177617855,3.3201169227365472,2.5708044420393,10221.682733683985,9.956390243445748,3.1185014247894287,-2.44902960716016,-0.1522353805135792,0.9992764850861595,0.4996382425430797,-0.1714540194576546,0.1759488425718459,0.3281842230854251,-2.624978449732006
TTO,Trinidad and Tobago,2010,0.013200000000000002,0.3905,0.5002000000000001,0.0961,1.0000000000000002,1.3231298123374369,1.8221188003905089,2.534509177617855,3.3201169227365472,2.3647610700832002,72744.28896757243,3.5897901715101868,3.007477283477783,-0.48659042862142954,-0.2357772535178636,-0.02084434271682034,-0.010422171358410169,-0.20770497777719865,-0.4539044026534724,-0.21812714913560882,-0.03268602596795711
TUN,Tunisia,2010,0.2683,0.33840000000000003,0.2683,0.125,1.0,1.3231298123374369,1.8221188003905089,2.534509177617855,3.3201169227365472,2.166706861076996,35772.590540608675,4.74397357950689,2.217883825302124,-1.1963588566205772,-0.3232458035814645,0.2579369969744534,0.12896849848722666,-0.512253083900627,-0.7065303889948648,-0.38328458541340027,-0.4898284676257123
TUR,Turkey,2010,0.113,0.5227,0.2572,0.10710000000000001,1.0,1.3231298123374369,1.8221188003905089,2.534509177617855,3.3201169227365472,2.183121250875943,63337.74213180785,3.2585891801845097,2.2143657207489014,-0.6250594357505985,-0.3156986236516177,-0.11764376056808756,-0.058821880284043775,-0.5138405871562629,-0.8883610910919244,-0.5726624674403067,0.2633016553413259
TWN,Taiwan,2010,0.028302830283028303,0.16071607160716073,0.46124612461246123,0.3497349734973497,1.0,1.3231298123374369,1.8221188003905089,2.534509177617855,3.3201169227365472,2.7205255239472157,91913.91151173422,3.6122201301030827,3.0786547660827637,-0.2526884348983902,-0.09562917392987158,-0.014615517659986255,-0.0073077588299931264,-0.18431385600717487,-0.2872507887670396,-0.191621614837168,0.034562353868649365
TZA,U.R. of Tanzania: Mainland,2010,0.2609,0.6637000000000001,0.0674,0.008,1.0,1.3231298123374369,1.8221188003905089,2.534509177617855,3.3201169227365472,1.7836640172372586,5397.059684297763,4.828839054828285,1.5961668491363525,-3.0876865270607574,-0.5177845576329333,0.2756679819923218,0.13783399099616087,-0.8412015576956642,-1.2211521243324366,-0.7033675666995033,-1.8665344027283206
UGA,Uganda,2010,0.20700000000000002,0.5047000000000001,0.25870000000000004,0.029600000000000005,1.0000000000000002,1.3231298123374369,1.8221188003905089,2.534509177617855,3.3201169227365472,2.006529078309641,6246.673398597755,3.173020003392451,1.9720501899719238,-2.941491763602297,-0.4000478402337143,-0.14425427862809603,-0.072127139314048,-0.6297328861637383,-1.1019078657115007,-0.7018600254777864,-1.8395838978907963
UKR,Ukraine,2010,0.014898510148985102,0.0496950304969503,0.5362463753624638,0.39916008399160086,1.0,1.3231298123374369,1.8221188003905089,2.534509177617855,3.3201169227365472,2.834747483225733,21737.757573993902,5.022821509463078,3.213732957839966,-1.694490100525007,-0.05450138086911749,0.3150537340269812,0.15752686701349058,-0.1413734166297811,-0.038347930485407994,0.016153450383709494,-1.656142170039599
URY,Uruguay,2010,0.016200000000000003,0.4888,0.40090000000000003,0.0941,1.0,1.3231298123374369,1.8221188003905089,2.534509177617855,3.3201169227365472,2.2942953200106424,37094.40420315351,4.088878056941174,2.5791146755218506,-1.1600747012939152,-0.2660284966505013,0.10933252325595677,0.05466626162797838,-0.36136040230263466,-0.5727226373251576,-0.3066941406746563,-0.5873520639687576
USA,United States,2010,0.0039000000000000003,0.0254,0.3979,0.5728,1.0,1.3231298123374369,1.8221188003905089,2.534509177617855,3.3201169227365472,2.9935328434429818,118337.51396058478,3.6654022929280226,3.7017533779144287,0.0,0.0,0.0,0.0,0.0,0.0,0.0,0.0
VEN,Venezuela (Bolivarian Republic of),2010,0.0662,0.3962,0.3784,0.1592,1.0,1.3231298123374369,1.8221188003905089,2.534509177617855,3.3201169227365472,2.370011923686197,44981.92117452705,4.35384913338012,2.588259220123291,-0.967280172058306,-0.23355925668357314,0.1721222166310712,0.08606110831553558,-0.35782105936666153,-0.5053192077346991,-0.27175995105112594,-0.4619609643236069
VNM,Viet Nam,2010,0.0816,0.272,0.578,0.0684,1.0,1.3231298123374369,1.8221188003905089,2.534509177617855,3.3201169227365472,2.3479420344911475,8539.199710058587,2.691152048412867,2.4207711219787598,-2.628873536784246,-0.24291502843241253,-0.3089687227441097,-0.15448436137205482,-0.4247204584668387,-0.822119848271306,-0.5792048198388935,-1.8067536885129398
YEM,Yemen,2010,0.6924999999999999,0.1314,0.15079999999999996,0.025299999999999993,0.9999999999999998,1.3231298123374369,1.8221188003905089,2.534509177617855,3.3201169227365472,1.7018195960983578,26369.17526260935,2.0354836008666677,1.4162533283233643,-1.5013451051446403,-0.5647562136177476,-0.5882046630957888,-0.29410233154789434,-0.9607917098712742,-1.8196502550369162,-1.2548940414191685,0.3183051498922759
ZAF,South Africa,2010,0.0782078207820782,0.1905190519051905,0.6698669866986698,0.0614061406140614,0.9999999999999999,1.3231298123374369,1.8221188003905089,2.534509177617855,3.3201169227365472,2.3977910089812604,41998.51457917804,3.4401217426963986,2.5043632984161377,-1.0359065789321136,-0.22190634231982198,-0.06343123438374731,-0.03171561719187365,-0.3907720633839137,-0.6443940228956093,-0.42248768057578734,-0.39151255603650426
ZMB,Zambia,2010,0.18420000000000003,0.4661,0.3347,0.015,1.0,1.3231298123374369,1.8221188003905089,2.534509177617855,3.3201169227365472,2.045813460545463,12150.149395983564,5.413286983257175,2.2221286296844482,-2.2761993637509335,-0.3806587522901611,0.3899183883610269,0.1949591941805134,-0.5103410146356815,-0.6960405727453292,-0.31538182045516805,-1.580158791005604
ZWE,Zimbabwe,2010,0.0851085108510851,0.36143614361436144,0.5426542654265426,0.010801080108010801,1.0,1.3231298123374369,1.8221188003905089,2.534509177617855,3.3201169227365472,2.225744315171043,5036.45289329709,2.0562458508195163,2.3726048469543457,-3.1568387861339833,-0.2963628595591654,-0.5780561777705764,-0.28902808888528814,-0.44481815019447113,-1.0302090986389247,-0.7338462390797593,-2.1266296874950585
