countrycode,country,country_norm,country_barro_lee,year,rgdpo,emp,cn,hc,no_schooling_raw_pct,primary_total_raw_pct,secondary_total_raw_pct,tertiary_total_raw_pct,theta_no_schooling,theta_primary,theta_secondary,theta_tertiary,theta_sum,theta_sum_before_norm,Z_no_schooling,Z_primary,Z_secondary,Z_tertiary,tilde_A,y_observed,K_over_Y,h,ln_y_rel_us,ln_tilde_A_rel_us,ln_K_over_Y_rel_us,ln_h_rel_us,ln_yhat_with_A_rel_us,ln_yhat_without_A_rel_us,ln_capital_factor_rel_us,residual,ln_y_abs,ln_yhat_with_A_abs_us_anchor,ln_yhat_without_A_abs_us_anchor
ALB,Albania,albania,Albania,2010,31021.064453125,0.8908183574676514,157940.078125,2.9040780067443848,3.86,10.91,83.77,1.46,0.0385999999999999,0.1091,0.8377,0.0146,1.0,1.0,1.3231298123374369,1.8221188003905089,2.534509177617855,3.3201169227365472,2.4437478150098753,34823.10865405743,5.09138164371047,2.9040780067443848,-1.2232596212421232,-0.2029213922716464,0.3286111410391497,-0.24269063489616816,-0.2813064566482397,-0.07838506437659334,0.1643055705195748,-0.9419531645938835,10.458036487167636,11.39998965176152,11.602911044033165
ARE,United Arab Emirates,united arab emirates,United Arab Emirates,2010,618895.25,5.272982120513916,2595549.0,2.717432737350464,10.2,25.51,48.32,15.98,0.101989801019898,0.2550744925507449,0.4831516848315169,0.1597840215978402,1.0,1.0001,1.3231298123374369,1.8221188003905089,2.534509177617855,3.3201169227365472,2.4270135096747536,117371.01242810229,4.193842172807111,2.717432737350464,-0.008200865399803803,-0.20979274977116202,0.13467920464750027,-0.30911900528258685,-0.45157215272999873,-0.2417794029588367,0.06733960232375012,0.44337128733019493,11.673095243009955,11.229723955679761,11.439516705450922
ARG,Argentina,argentina,Argentina,2010,784810.125,18.07674598693848,2702753.0,2.830078363418579,1.12,41.94,45.2,11.74,0.0112,0.4194,0.452,0.1174,1.0,1.0,1.3231298123374369,1.8221188003905089,2.534509177617855,3.3201169227365472,2.368483586004412,43415.453509557075,3.4438304424270774,2.830078363418579,-1.002725380050947,-0.23420432967421212,-0.062353742852790495,-0.26850219179883106,-0.5338833928994384,-0.2996790632252263,-0.031176871426395244,-0.4688419871515086,10.678570728358812,11.14741271551032,11.381617045184532
ARM,Armenia,armenia,Armenia,2010,25550.779296875,1.1600652933120728,51933.57421875,3.111227512359619,0.41,5.12,73.07,21.4,0.0041,0.0512,0.7307,0.214,1.0,1.0,1.3231298123374369,1.8221188003905089,2.534509177617855,3.3201169227365472,2.6888569965760354,22025.29413144119,2.0325632191227045,3.111227512359619,-1.681349303259081,-0.1073380479306052,-0.589640429386035,-0.17378924649843097,-0.5759475091220536,-0.4686094611914484,-0.29482021469301745,-1.1054017941370273,9.999946805150678,11.105348599287705,11.21268664721831
AUS,Australia,australia,Australia,2010,1112663.75,11.121260643005373,4208504.0,3.4289608001708984,0.78,6.48,54.73,38.0,0.0078007800780078,0.0648064806480648,0.5473547354735474,0.38003800380038,1.0,0.9999,1.3231298123374369,1.8221188003905089,2.534509177617855,3.3201169227365472,2.8167552951546733,100048.34754950204,3.7823682132180543,3.4289608001708984,-0.16788728478113057,-0.06086862496785561,0.03141222942693722,-0.07654935176359112,-0.12171186201797812,-0.06084323705012251,0.015706114713468607,-0.04617542276315245,11.513408823628628,11.55958424639178,11.620452871359637
AUT,Austria,austria,Austria,2010,385229.0625,4.096951007843018,1799280.875,3.282888174057007,1.48,21.75,59.39,17.39,0.0147985201479852,0.2174782521747825,0.5938406159384062,0.1738826117388261,1.0,1.0001,1.3231298123374369,1.8221188003905089,2.534509177617855,3.3201169227365472,2.5454616648726387,94028.23264484611,4.670677916466907,3.282888174057007,-0.22994574496723708,-0.16214220862200657,0.24236612980963756,-0.1200830175061196,-0.1610421612233074,0.0011000473986991638,0.12118306490481877,-0.06890358374392969,11.451350363442522,11.520253947186452,11.682396155808458
BDI,Burundi,burundi,Burundi,2010,6650.67236328125,3.7510135173797607,13177.482421875,1.297952651977539,57.28,35.99,5.86,0.87,0.5728,0.3599,0.0586,0.0087,1.0,1.0,1.3231298123374369,1.8221188003905089,2.534509177617855,3.3201169227365472,1.6340220004577108,1773.0334301559708,1.981375972545069,1.297952651977539,-4.200848947377396,-0.6054097823896039,-0.6151465564822385,-1.048018453383192,-1.961001514013915,-1.3555917316243111,-0.3075732782411192,-2.2398474333634812,7.480447161032363,9.720294594395844,10.325704376785447
BEL,Belgium,belgium,Belgium,2010,489332.59375,4.499626159667969,2433023.5,3.092796802520752,5.0,15.36,49.64,30.0,0.05,0.1536,0.4964,0.3,1.0,1.0,1.3231298123374369,1.8221188003905089,2.534509177617855,3.3201169227365472,2.6633061093079484,108749.6108312492,4.972126384131754,3.092796802520752,-0.08449273802845703,-0.11688599363810148,0.3049094970375743,-0.17973079769923883,-0.1441620428185532,-0.027276049180451706,0.15245474851878713,0.05966930479009616,11.596803370381302,11.537134065591205,11.654020059229307
BEN,Benin,benin,Benin,2010,19116.169921875,3.3049874305725098,56056.1796875,1.5562914609909058,64.09,16.76,16.05,3.11,0.6408359164083592,0.1675832416758324,0.1604839516048395,0.0310968903109689,1.0000000000000002,1.0001,1.3231298123374369,1.8221188003905089,2.534509177617855,3.3201169227365472,1.7469925416694492,5784.0371025446175,2.9323959724460202,1.5562914609909058,-3.018438929905596,-0.538558480988211,-0.22311826856197903,-0.8665008708479425,-1.516618486117143,-0.978060005128932,-0.1115591342809895,-1.5018204437884526,8.662857178504163,10.164677622292617,10.703236103280828
BGD,Bangladesh,bangladesh,Bangladesh,2010,391172.8125,54.435997009277344,1154218.875,1.8734359741210935,41.99,20.27,33.17,4.58,0.4198580141985801,0.2026797320267973,0.3316668333166683,0.0457954204579542,1.0,1.0001,1.3231298123374369,1.8221188003905089,2.534509177617855,3.3201169227365472,2.010797284128282,7185.921706060307,2.9506623111748085,1.8734359741210935,-2.8014170361393305,-0.3979229407161986,-0.21690843804628335,-0.6810324291318766,-1.1874095888712168,-0.7894866481550182,-0.10845421902314166,-1.6140074472681138,8.879879072270429,10.493886519538542,10.891809460254741
BGR,Bulgaria,bulgaria,Bulgaria,2010,123621.28125,3.2534754276275635,329768.09375,3.082859516143799,2.26,5.33,68.88,23.53,0.0226,0.0533,0.6888,0.2353,1.0,1.0,1.3231298123374369,1.8221188003905089,2.534509177617855,3.3201169227365472,2.689786370887827,37996.68508335553,2.6675673509895774,3.082859516143799,-1.1360419081549384,-0.10699246847588151,-0.31777114285566166,-0.18294901271666086,-0.44882705262037315,-0.34183458414449164,-0.1588855714278308,-0.6872148555345652,10.54525420025482,11.232469055789386,11.339461524265268
BHR,Bahrain,bahrain,Bahrain,2010,57765.90625,0.5914424657821655,222730.640625,2.2646985054016118,31.7,13.4,45.42,9.48,0.317,0.134,0.4542,0.0948,1.0,1.0,1.3231298123374369,1.8221188003905089,2.534509177617855,3.3201169227365472,2.2276708043848172,97669.52762447699,3.8557456306677436,2.2646985054016118,-0.19195121642431623,-0.29549768562759837,0.05062631196033718,-0.49136495344743925,-0.761549483094869,-0.46605179746727066,0.025313155980168586,0.5695982666705528,11.489344891985443,10.91974662531489,11.215244310942488
BLZ,Belize,belize,Belize,2010,2510.125244140625,0.1202249825000763,4675.4990234375,3.2668745517730717,0.1,15.96,78.22,5.72,0.001,0.1596,0.7822,0.0572,1.0,1.0,1.3231298123374369,1.8221188003905089,2.534509177617855,3.3201169227365472,2.4873306826704042,20878.56610117645,1.8626556720034182,3.2668745517730717,-1.7348177420866087,-0.18524412244342947,-0.6769348453990648,-0.12497286004305908,-0.6486844051860209,-0.4634402827425914,-0.33846742269953234,-1.0861333369005877,9.94647836632315,11.032611703223738,11.217855825667169
BOL,Bolivia (Plurinational State of),bolivia plurinational state of,Bolivia,2010,52741.2421875,4.444625854492188,111501.265625,2.718721389770508,13.53,39.53,24.16,22.77,0.1353135313531353,0.3953395339533953,0.2416241624162416,0.2277227722772277,1.0,0.9999,1.3231298123374369,1.8221188003905089,2.534509177617855,3.3201169227365472,2.3689283351006787,11866.295142524621,2.1141190650876722,2.718721389770508,-2.2998387889420773,-0.23401656930843429,-0.550299887419942,-0.3086449008278389,-0.8178114138462441,-0.5837948445378098,-0.2751499437099709,-1.4820273750958333,9.381457319467682,10.863484694563516,11.09750126387195
BRA,Brazil,brazil,Brazil,2010,2938155.5,86.35382843017578,11923873.0,2.473361730575561,12.37,37.01,39.32,11.3,0.1236999999999999,0.3701,0.3932,0.113,1.0,1.0,1.3231298123374369,1.8221188003905089,2.534509177617855,3.3201169227365472,2.2840240127743536,34024.6119183441,4.058285206484136,2.473361730575561,-1.246456686734886,-0.27051543769679676,0.10182242599679947,-0.403228343514473,-0.62283256821287,-0.3523171305160733,0.05091121299839973,-0.6236241185220159,10.434839421674873,11.05846354019689,11.328978977893685
BRB,Barbados,barbados,Barbados,2010,4747.01904296875,0.1270000040531158,19015.26953125,2.800099372863769,0.02,11.31,86.53,2.14,0.0002,0.1131,0.8653000000000001,0.0214,1.0000000000000002,1.0,1.3231298123374369,1.8221188003905089,2.534509177617855,3.3201169227365472,2.4839908939698074,37378.101507645486,4.005728512805374,2.800099372863769,-1.1524558176775574,-0.18658774471833495,0.08878736934213283,-0.27915168646464306,-0.4213457465119116,-0.23475800179357664,0.04439368467106641,-0.7311100711656457,10.528840290732202,11.259950361897847,11.446538106616183
BRN,Brunei Darussalam,brunei darussalam,Brunei Darussalam,2010,31861.44140625,0.1790456622838974,109991.0078125,2.6969714164733887,20.61,13.52,55.2,10.67,0.2061,0.1352,0.552,0.1067,1.0,1.0,1.3231298123374369,1.8221188003905089,2.534509177617855,3.3201169227365472,2.351971306778284,177951.4845533093,3.4521667243505174,2.6969714164733887,0.4079701250243186,-0.24120041244624246,-0.059936025506758694,-0.3166771474902832,-0.587845572689905,-0.34664516024366254,-0.029968012753379344,0.9958156977142236,12.089266233434078,11.093450535719853,11.334650948166097
BWA,Botswana,botswana,Botswana,2010,28866.9140625,0.7740967273712158,132045.25,2.7158873081207275,15.73,8.59,71.58,4.1,0.1573,0.0859,0.7158,0.0409999999999999,1.0,1.0,1.3231298123374369,1.8221188003905089,2.534509177617855,3.3201169227365472,2.368678923061318,37291.09430617313,4.574276616963895,2.7158873081207275,-1.154786289832849,-0.23412185960625775,0.22151047425357495,-0.3096878763442875,-0.4330544988237578,-0.19893263921750004,0.11075523712678746,-0.7217317910090911,10.52650981857691,11.248241609586001,11.48236346919226
CAF,Central African Republic,central african republic,Central African Republic,2010,4916.849609375,1.7110685110092163,18676.53125,1.4683477878570557,53.27,28.67,16.12,1.94,0.5327,0.2866999999999999,0.1611999999999999,0.0193999999999999,1.0,1.0000000000000002,1.3231298123374369,1.8221188003905089,2.534509177617855,3.3201169227365472,1.770258950547948,2873.55507844333,3.7984751891514628,1.4683477878570557,-3.717990862925693,-0.5253284072796023,0.03566162472926515,-0.9246687784824185,-1.4321663733973882,-0.9068379661177859,0.017830812364632572,-2.285824489528305,7.963305245484066,10.249129735012371,10.774458142291973
CAN,Canada,canada,Canada,2010,1558715.625,17.295398712158203,5941241.0,3.65504789352417,0.58,5.5,46.25,47.67,0.0058,0.055,0.4625,0.4767,1.0,1.0,1.3231298123374369,1.8221188003905089,2.534509177617855,3.3201169227365472,2.9014628670189895,90123.13916210932,3.8116259981675618,3.65504789352417,-0.27236388133542455,-0.031239196199176256,0.03911777380873027,-0.012697396645248826,-0.02437770594005995,0.006861490259116306,0.019558886904365132,-0.2479861753953646,11.408932227074335,11.6569184024697,11.688157598668875
CHE,Switzerland,switzerland,Switzerland,2010,505411.15625,4.38947868347168,1993188.125,3.6348724365234375,1.44,2.77,62.59,33.2,0.0144,0.0277,0.6259,0.332,1.0,1.0,1.3231298123374369,1.8221188003905089,2.534509177617855,3.3201169227365472,2.7923983108386548,115141.49918374034,3.9436963358483443,3.6348724365234375,-0.02737902973545303,-0.06955340670907106,0.07318034436139054,-0.018232576070792428,-0.05119581059916823,0.018357596109902834,0.03659017218069526,0.0238167808637152,11.653917078674306,11.630100297810591,11.699653704519662
CHL,Chile,chile,Chile,2010,342195.9375,6.889198303222656,1132028.25,2.9787709712982178,2.95,22.0,56.97,18.08,0.0295,0.22,0.5697000000000001,0.1808,1.0000000000000002,1.0,1.3231298123374369,1.8221188003905089,2.534509177617855,3.3201169227365472,2.536663889849019,49671.372841731994,3.3081288406587235,2.9787709712982178,-0.8681120614366051,-0.16560445437616556,-0.10255537085460187,-0.21729580361695033,-0.4341779434204168,-0.26857348904425127,-0.05127768542730093,-0.4339341180161883,10.813184046973154,11.247118164989342,11.412722619365507
CHN,China,china,China,2010,13847619.0,781.0355224609375,49973752.0,2.4410219192504883,6.59,28.09,61.75,3.58,0.0658934106589341,0.2808719128087191,0.6174382561743826,0.0357964203579642,1.0,1.0001,1.3231298123374369,1.8221188003905089,2.534509177617855,3.3201169227365472,2.3256690346016176,17729.819709567142,3.6088335474856725,2.4410219192504883,-1.8982928780583421,-0.25244648844601214,-0.015553492370301125,-0.4163898223348089,-0.6766130569659716,-0.4241665685199595,-0.007776746185150562,-1.2216798210923705,9.783003230351417,11.004683051443788,11.2571295398898
CIV,Côte d'Ivoire,cote d ivoire,Cote dIvoire,2010,57416.21875,5.853764057159424,123600.3671875,1.5302809476852417,46.95,30.69,17.33,5.03,0.4695,0.3069,0.1732999999999999,0.0503,1.0,1.0,1.3231298123374369,1.8221188003905089,2.534509177617855,3.3201169227365472,1.873121452792586,9808.427225517795,2.152708239559924,1.5302809476852417,-2.490298892300107,-0.46884797755987384,-0.532211399703847,-0.8833552488392925,-1.61830892625109,-1.149460948691216,-0.26610569985192345,-0.871989966049017,9.190997216109652,10.062987182158668,10.531835159718543
CMR,Cameroon,cameroon,Cameroon,2010,59721.0703125,8.527642250061035,160065.09375,1.8698792457580569,18.24,53.76,25.54,2.47,0.1823817618238176,0.5375462453754625,0.2553744625537446,0.0246975302469753,1.0,1.0001,1.3231298123374369,1.8221188003905089,2.534509177617855,3.3201169227365472,2.0041733155279156,7003.233550524772,2.680211404658924,1.8698792457580569,-2.827168851242547,-0.40122257863178634,-0.31304242171441543,-0.6829327390039812,-1.2406765284929753,-0.8394539498611889,-0.1565212108572077,-1.5864923227495717,8.854127257167212,10.440619579916785,10.84184215854857
COD,D.R. of the Congo,d r of the congo,Democratic Republic of the Congo,2010,45981.0234375,19.699716567993164,191153.921875,1.6226963996887207,44.18,33.42,21.22,1.18,0.4417999999999999,0.3342,0.2122,0.0118,1.0,1.0,1.3231298123374369,1.8221188003905089,2.534509177617855,3.3201169227365472,1.8374494851282863,2334.0956850215307,4.157235041425887,1.6226963996887207,-3.9259163002503934,-0.4880757822688585,0.12591210432816502,-0.8247173834801407,-1.2498371135849167,-0.7617613313160582,0.0629560521640825,-2.676079186665477,7.755379808159366,10.431458994824842,10.9195347770937
COG,Congo,congo,Congo,2010,24714.2109375,1.4761216640472412,99944.21875,2.023773670196533,32.1,24.66,40.95,2.29,0.321,0.2466,0.4095,0.0229,1.0,1.0,1.3231298123374369,1.8221188003905089,2.534509177617855,3.3201169227365472,2.064862623217052,16742.665282574606,4.043997965492399,2.023773670196533,-1.9555805606375731,-0.37139054499629687,0.09829570260366749,-0.6038426711773939,-0.926085364871857,-0.5546948198755601,0.04914785130183374,-1.0294951957657161,9.725715547772186,10.755210743537901,11.126601288534198
COL,Colombia,colombia,Colombia,2010,540688.4375,18.89134407043457,1768257.75,2.3859755992889404,7.93,35.75,36.57,19.76,0.0792920707929207,0.3574642535746425,0.3656634336566343,0.1975802419758024,1.0,1.0001,1.3231298123374369,1.8221188003905089,2.534509177617855,3.3201169227365472,2.419199261485406,28620.961826966617,3.2703820303166737,2.3859755992889404,-1.4194014490517635,-0.2130176411783855,-0.11403128853332856,-0.4391984963193063,-0.7092317817643561,-0.4962141405859706,-0.05701564426666427,-0.7101696672874074,10.261894659357996,10.972064326645404,11.185081967823788
CRI,Costa Rica,costa rica,Costa Rica,2010,62831.0078125,1.9407755136489868,170760.609375,2.5200469493865967,5.48,52.12,23.56,18.84,0.0548,0.5212000000000001,0.2356,0.1884,1.0000000000000002,1.0,1.3231298123374369,1.8221188003905089,2.534509177617855,3.3201169227365472,2.3273548518883183,32374.175874863064,2.7177760682206946,2.5200469493865967,-1.296179765334605,-0.2517218769238755,-0.2991241715664882,-0.3845290612657747,-0.7858130239728942,-0.5340911470490187,-0.14956208578324406,-0.5103667413617107,10.385116343075154,10.895483084436865,11.14720496136074
CYP,Cyprus,cyprus,Cyprus,2010,26422.625,0.3456670939922333,162017.734375,2.722369432449341,0.86,23.3,44.95,30.89,0.0086,0.233,0.4495,0.3089,1.0,1.0,1.3231298123374369,1.8221188003905089,2.534509177617855,3.3201169227365472,2.6610471414910615,76439.51495305968,6.131780410727549,2.722369432449341,-0.43704105553539385,-0.11773453536552736,0.514547054523173,-0.3073039773458941,-0.16776498544983504,-0.050030450084307676,0.2572735272615864,-0.26927607008555876,11.244255052874365,11.513531122959924,11.631265658325452
CZE,Czech Republic,czech republic,Czech Republic,2010,318896.5625,5.0989909172058105,1715475.0,3.6364033222198486,0.14,0.05,83.29,16.52,0.0014,0.0005,0.8329000000000001,0.1651999999999999,1.0,1.0,1.3231298123374369,1.8221188003905089,2.534509177617855,3.3201169227365472,2.678706795259067,62541.112090223476,5.379408879642596,3.6364033222198486,-0.6377166954929709,-0.11112010392830052,0.3836403990032067,-0.017811498458053077,0.06288859711524972,0.17400870104355023,0.1918201995016033,-0.7006052926082207,11.043579412916788,11.744184705525008,11.85530480945331
DEU,Germany,germany,Germany,2010,3672402.0,40.63188171386719,15333157.0,3.653333187103272,1.84,1.64,72.25,24.27,0.0184,0.0163999999999999,0.7225,0.2427,1.0,1.0,1.3231298123374369,1.8221188003905089,2.534509177617855,3.3201169227365472,2.7208706357483434,90382.27729302165,4.175239257575832,3.653333187103272,-0.2694926288929089,-0.09550232714589835,0.13023356840306355,-0.013166640499241877,-0.043552183443608464,0.05195014370228988,0.06511678420153176,-0.22594044544930048,11.41180347951685,11.63774392496615,11.73324625211205
DNK,Denmark,denmark,Denmark,2010,271409.96875,2.791450500488281,1166865.375,3.4391186237335205,2.89,6.9,61.63,28.6,0.0288942211557688,0.0689862027594481,0.6161767646470707,0.2859428114377125,1.0000000000000002,1.0002,1.3231298123374369,1.8221188003905089,2.534509177617855,3.3201169227365472,2.7184153405302007,97229.01004424937,4.299272353090384,3.4391186237335205,-0.1964717052453686,-0.09640512776922128,0.15950769270707021,-0.07359136879859274,-0.09024265021427892,0.0061624775549423555,0.0797538463535351,-0.1062290550310897,11.48482440316439,11.59105345819548,11.687458585964702
DOM,Dominican Republic,dominican republic,Dominican Rep.,2010,126976.6953125,3.8970165252685542,417298.3125,2.4240472316741943,10.8,35.36,43.57,10.27,0.108,0.3535999999999999,0.4357,0.1027,1.0,1.0,1.3231298123374369,1.8221188003905089,2.534509177617855,3.3201169227365472,2.3008625120843678,32583.052827508778,3.2864165465402517,2.4240472316741943,-1.2897485281417236,-0.2631701850168989,-0.10914031986932216,-0.42336804029317987,-0.7411083852447399,-0.47793820022784095,-0.05457015993466107,-0.5486401428969838,10.391547580268035,10.94018772316502,11.203357908181918
DZA,Algeria,algeria,Algeria,2010,532781.75,9.781851768493652,2139251.75,2.039870500564575,26.99,44.15,18.73,10.13,0.2699,0.4415,0.1873,0.1013,1.0,1.0,1.3231298123374369,1.8221188003905089,2.534509177617855,3.3201169227365472,2.063528966083533,54466.348765990886,4.015249677752664,2.039870500564575,-0.7759577722965769,-0.37203663544148047,0.09116143624345541,-0.5959202675987512,-0.9223761849185039,-0.5503395494770235,0.0455807181217277,0.146418412621927,10.905338336113182,10.758919923491256,11.130956558932736
ECU,Ecuador,ecuador,Ecuador,2010,148737.3125,6.7334184646606445,644770.25,2.705012559890747,10.63,49.59,28.22,11.55,0.1063106310631063,0.4959495949594959,0.2822282228222822,0.1155115511551155,1.0,0.9999,1.3231298123374369,1.8221188003905089,2.534509177617855,3.3201169227365472,2.2178795631421457,22089.42059380772,4.334959662525837,2.705012559890747,-1.6784420416828372,-0.29990265521085924,0.16777420965864942,-0.31370003782401346,-0.529715588205548,-0.22981293299468875,0.0838871048293247,-1.148726453477289,10.002854066726922,11.151580520204211,11.45148317541507
EGY,Egypt,egypt,Egypt,2010,862343.0625,22.842914581298828,1214617.375,2.356199026107788,37.39,10.51,42.03,10.08,0.3738626137386261,0.1050894910508949,0.4202579742025797,0.1007899210078992,1.0000000000000002,1.0001,1.3231298123374369,1.8221188003905089,2.534509177617855,3.3201169227365472,2.1940993763805046,37751.008498976225,1.4085083162595744,2.356199026107788,-1.1425286388847642,-0.31068258746910127,-0.9564068828070467,-0.4517568548264532,-1.2406428836990777,-0.9299602962299764,-0.4782034414035233,0.09811424481431358,10.538767469524995,10.440653224710681,10.751335812179782
ESP,Spain,spain,Spain,2010,1622292.375,19.412738800048828,10037753.0,2.803053140640259,2.49,30.12,41.72,25.67,0.0249,0.3012,0.4172,0.2567,1.0,1.0,1.3231298123374369,1.8221188003905089,2.534509177617855,3.3201169227365472,2.559930335055342,83568.4439846231,6.187388386140938,2.803053140640259,-0.34787484489331355,-0.15647419765699222,0.5235749936670739,-0.2780973628341554,-0.17278406365761073,-0.01630986600061851,0.2617874968335369,-0.17509078123570282,11.333421263516446,11.508512044752148,11.66498624240914
EST,Estonia,estonia,Estonia,2010,31773.455078125,0.5611211657524109,152235.3125,3.472615957260132,0.18,4.62,60.39,34.81,0.0018,0.0462,0.6039,0.3481,1.0,1.0,1.3231298123374369,1.8221188003905089,2.534509177617855,3.3201169227365472,2.805887194221884,56624.944873572495,4.7912734742155605,3.472615957260132,-0.7370912191600407,-0.06473446366856273,0.2678581416318333,-0.06389840521622037,0.005296201931133532,0.07003066559969626,0.13392907081591662,-0.7423874210911743,10.944204889249718,11.686592310340892,11.751326774009454
FIN,Finland,finland,Finland,2010,233241.90625,2.4958302974700928,1161520.625,3.335679292678833,0.37,28.69,39.34,31.61,0.0036996300369963,0.2868713128687131,0.3933606639336067,0.3160683931606839,1.0,1.0001,1.3231298123374369,1.8221188003905089,2.534509177617855,3.3201169227365472,2.6400466186358122,93452.63036770829,4.979896810460063,3.335679292678833,-0.2360861485951773,-0.12565766733269412,0.30647107456917855,-0.10413024873743626,-0.07655237878554114,0.049105288547152987,0.15323553728458925,-0.15953376980963618,11.445209959814582,11.604743729624218,11.730401396956912
FJI,Fiji,fiji,Fiji,2010,7454.62548828125,0.282317191362381,15130.935546875,2.6106793880462646,3.02,32.65,51.19,13.13,0.0302030203020302,0.3265326532653265,0.5119511951195119,0.1313131313131313,1.0,0.9999,1.3231298123374369,1.8221188003905089,2.534509177617855,3.3201169227365472,2.4234540865933942,26405.141862978257,2.0297378547937774,2.6106793880462646,-1.4999820707030302,-0.21126041186750244,-0.5910314463161397,-0.3491961039291577,-0.8559722389547298,-0.6447118270872274,-0.2955157231580698,-0.6440098317483002,10.181314037706729,10.82532386945503,11.036584281322531
FRA,France,france,France,2010,2591608.5,26.876161575317383,13083475.0,3.05643367767334,1.55,19.23,54.78,24.43,0.0155015501550155,0.1923192319231923,0.5478547854785479,0.2443244324432443,1.0,0.9999,1.3231298123374369,1.8221188003905089,2.534509177617855,3.3201169227365472,2.622625920303587,96427.77644185953,5.048399478547783,3.05643367767334,-0.20474653195103265,-0.13227816740518128,0.3201331626501902,-0.19155782185513193,-0.16376940793521813,-0.03149124053003685,0.16006658132509508,-0.04097712401581452,11.476549576458726,11.51752670047454,11.649804867879721
GAB,Gabon,gabon,Gabon,2010,22436.4453125,0.4558199942111969,114987.9921875,2.450770616531372,19.19,35.64,32.98,12.18,0.1919191919191919,0.3564356435643564,0.3298329832983298,0.1218121812181218,1.0,0.9999,1.3231298123374369,1.8221188003905089,2.534509177617855,3.3201169227365472,2.231795932821408,49222.16137386995,5.125053928370589,2.450770616531372,-0.877196872916242,-0.29364763051730236,0.33520295211645257,-0.41240408086464975,-0.5384502353237258,-0.2448026048064235,0.16760147605822626,-0.3387466375925162,10.804099235493517,11.142845873086033,11.436493503603335
GBR,United Kingdom,united kingdom,United Kingdom,2010,2481864.75,29.42511749267578,10976813.0,3.703131437301636,0.16,15.9,55.6,28.34,0.0016,0.159,0.556,0.2834,1.0,1.0,1.3231298123374369,1.8221188003905089,2.534509177617855,3.3201169227365472,2.688171404115447,84345.109263124,4.422808696565758,3.703131437301636,-0.33862400358522926,-0.10759305586927093,0.1878368505258161,0.00037220279248217913,-0.013302427813880704,0.09429062805539022,0.09391842526290804,-0.32532157577134857,11.34267210482453,11.667993680595877,11.775586736465149
GHA,Ghana,ghana,Ghana,2010,108134.703125,10.33951187133789,599238.625,2.259152173995972,35.33,10.35,51.19,3.13,0.3533,0.1035,0.5119,0.0313,1.0,1.0,1.3231298123374369,1.8221188003905089,2.534509177617855,3.3201169227365472,2.143707295753434,10458.395374036918,5.5415940274723905,2.259152173995972,-2.4261357884825507,-0.3339175315237315,0.41334409450181653,-0.4938169946741068,-0.62106247894693,-0.2871449474231985,0.20667204725090824,-1.8050733095356208,9.255160319927208,11.060233629462829,11.39415116098656
GMB,Gambia,gambia,Gambia,2010,5301.68603515625,0.5280076861381531,14040.560546875,1.458304762840271,72.7,3.02,22.36,1.93,0.726927307269273,0.0301969803019698,0.2235776422357764,0.0192980701929807,1.0,1.0001,1.3231298123374369,1.8221188003905089,2.534509177617855,3.3201169227365472,1.7383322769566627,10040.92586972127,2.6483198842349402,1.458304762840271,-2.466871501316138,-0.5435280508198506,-0.32501266247926197,-0.9315319535702087,-1.6375663356296903,-1.0940382848098396,-0.16250633123963096,-0.8293051656864481,9.21442460709362,10.043729772780068,10.58725782359992
GRC,Greece,greece,Greece,2010,324407.4375,4.63715410232544,1916699.875,2.941852807998657,2.79,34.06,36.31,26.84,0.0279,0.3406,0.3631,0.2683999999999999,1.0,1.0,1.3231298123374369,1.8221188003905089,2.534509177617855,3.3201169227365472,2.5437678645883652,69958.30424037798,5.908310517695822,2.941852807998657,-0.5256414185592977,-0.162807849791071,0.4774218266781094,-0.22976700366858482,-0.15386394012060114,0.008943909670469846,0.23871091333905467,-0.3717774784386966,11.155654689850461,11.527432168289158,11.690240018080228
GTM,Guatemala,guatemala,Guatemala,2010,101553.3046875,5.213250637054443,322549.5625,1.7620407342910769,31.24,46.18,22.55,0.02,0.3124312431243124,0.4618461846184618,0.2255225522552255,0.0002000200020002,1.0,0.9999,1.3231298123374369,1.8221188003905089,2.534509177617855,3.3201169227365472,1.8791621766878628,19479.84314540438,3.176160180040916,1.7620407342910769,-1.8041605833296153,-0.46562821609705185,-0.14326511882674198,-0.7423339478648882,-1.279594723375311,-0.8139665072782591,-0.07163255941337097,-0.5245658599543043,9.877135525080144,10.401701385034448,10.8673296011315
HKG,"China, Hong Kong SAR",china hong kong sar,"China, Hong Kong Special Administrative Region",2010,385726.3125,3.493873357772827,1744682.25,3.1425347328186035,6.28,19.75,56.75,17.21,0.0628062806280628,0.1975197519751975,0.5675567556755675,0.1721172117211721,1.0,0.9999,1.3231298123374369,1.8221188003905089,2.534509177617855,3.3201169227365472,2.511743514712815,110400.77100730452,4.523109244718689,3.1425347328186035,-0.06942371184719676,-0.17547710353179613,0.21026154789716678,-0.1637768792959864,-0.23412320887919913,-0.05864610534740301,0.10513077394858338,0.16469949703200237,11.611872396562562,11.44717289953056,11.622650003062356
HND,Honduras,honduras,Honduras,2010,34200.609375,3.106600046157837,120599.1640625,2.066002130508423,18.72,53.63,22.53,5.12,0.1871999999999999,0.5363,0.2253,0.0512,1.0,1.0,1.3231298123374369,1.8221188003905089,2.534509177617855,3.3201169227365472,2.0297682436699205,11009.015923146731,3.5262285165788803,2.066002130508423,-2.3748262629650068,-0.3885326220527229,-0.03870920457315874,-0.5831911914037838,-0.9910784157430861,-0.6025457936903632,-0.019354602286579366,-1.3837478472219207,9.306469845444752,10.690217692666673,11.078750314719397
HRV,Croatia,croatia,Croatia,2010,93659.1328125,1.8147594928741453,429728.34375,3.229398488998413,1.93,8.85,70.93,18.29,0.0192999999999999,0.0885,0.7093,0.1828999999999999,1.0,1.0,1.3231298123374369,1.8221188003905089,2.534509177617855,3.3201169227365472,2.6268067646692117,51609.66683478609,4.588216128482531,3.229398488998413,-0.8298318327269598,-0.13068529232685877,0.22455321003749695,-0.13651069974851326,-0.15491938705662356,-0.024234094729764802,0.11227660501874846,-0.6749124456703363,10.8514642756828,11.526376721353136,11.657062013679994
HTI,Haiti,haiti,Haiti,2010,18175.68359375,3.712065935134888,141109.75,1.613298416137695,35.12,36.39,27.47,1.03,0.3511648835116488,0.3638636136386361,0.2746725327467253,0.0102989701029897,1.0,1.0001,1.3231298123374369,1.8221188003905089,2.534509177617855,3.3201169227365472,1.9237452686190442,4896.379512474779,7.763655725637898,1.613298416137695,-3.185044772418859,-0.44218029619853905,0.7505152264661155,-0.8305258043881626,-0.8974484873536439,-0.4552681911551049,0.3752576132330577,-2.287596285065215,8.4962513359909,10.783847621056115,11.226027917254655
HUN,Hungary,hungary,Hungary,2010,236413.09375,3.92093825340271,1004131.875,3.274661064147949,0.28,1.81,78.48,19.43,0.0028,0.0181,0.7848,0.1943,1.0,1.0,1.3231298123374369,1.8221188003905089,2.534509177617855,3.3201169227365472,2.692238434514783,60295.03105406812,4.247361510618529,3.274661064147949,-0.6742911328366556,-0.10608126353525926,0.14735987365466685,-0.12259222145618276,-0.1549935481641086,-0.04891228462884935,0.07367993682733341,-0.519297584672547,11.007004975573103,11.52630256024565,11.63238382378091
IDN,Indonesia,indonesia,Indonesia,2010,1977505.375,108.15474700927734,10173204.0,2.4167702198028564,9.47,48.24,34.79,7.5,0.0947,0.4824,0.3479,0.075,1.0,1.0,1.3231298123374369,1.8221188003905089,2.534509177617855,3.3201169227365472,2.197491601948564,18284.036805433723,5.1444633873624745,2.4167702198028564,-1.8675124559742766,-0.3091377139781656,0.33898297049632564,-0.4263745644704714,-0.5660207932004742,-0.2568830792223086,0.1694914852481628,-1.3014916627738025,9.813783652435482,11.115275315209285,11.42441302918745
IND,India,india,India,2010,5621831.5,467.4125061035156,20219374.0,1.966098070144653,42.29,15.63,33.0,9.08,0.4229,0.1563,0.33,0.0908,1.0,1.0,1.3231298123374369,1.8221188003905089,2.534509177617855,3.3201169227365472,2.092852413652911,12027.559011771413,3.5965812920575795,1.966098070144653,-2.286340228444411,-0.35792631619199833,-0.018954342289380977,-0.6327556897589014,-1.0001591770955902,-0.6422328609035919,-0.009477171144690487,-1.2861810513488208,9.394955879965348,10.68113693131417,11.039063247506167
IRL,Ireland,ireland,Ireland,2010,241319.515625,1.8831759691238403,1015873.6875,3.031862735748291,0.84,18.09,36.81,44.25,0.0084008400840084,0.1809180918091809,0.3681368136813682,0.4425442544254425,1.0,0.9999,1.3231298123374369,1.8221188003905089,2.534509177617855,3.3201169227365472,2.8032897990918224,128144.96339249457,4.209662384200304,3.031862735748291,0.07962132017150658,-0.06566058716896483,0.1384443552403951,-0.19962939842002747,-0.19606780796879475,-0.13040722079982991,0.06922217762019754,0.27568912814030133,11.760917428581266,11.485228300440964,11.55088888760993
IRN,Iran (Islamic Republic of),iran islamic republic of,Iran (Islamic Republic of),2010,1410083.0,20.674331665039062,5287025.0,2.121989488601685,16.82,22.39,42.52,18.27,0.1682,0.2239,0.4252,0.1827,1.0,1.0,1.3231298123374369,1.8221188003905089,2.534509177617855,3.3201169227365472,2.4048169355494413,68204.52640723057,3.7494424087092746,2.121989488601685,-0.551029897173084,-0.21898046052325848,0.02266904245430279,-0.5564525066786089,-0.764098445974716,-0.5451179854514575,0.011334521227151393,0.21306854880163195,11.130266211236675,10.917197662435044,11.136178122958302
IRQ,Iraq,iraq,Iraq,2010,389782.8125,6.4105424880981445,606313.0,2.173938512802124,28.09,32.88,24.76,14.27,0.2809,0.3288,0.2476,0.1427,1.0,1.0,1.3231298123374369,1.8221188003905089,2.534509177617855,3.3201169227365472,2.178747999116089,60803.40520691866,1.5555149702759148,2.173938512802124,-0.6658950353310757,-0.3177038434207484,-0.8571314340597891,-0.5322660880051812,-1.278535648455824,-0.9608318050350757,-0.4285657170298945,0.6126406131247484,11.015401073078683,10.402760459953935,10.720464303374683
ISL,Iceland,iceland,Iceland,2010,13883.66796875,0.1644422709941864,64045.796875,3.0527257919311523,1.53,34.97,35.84,27.65,0.0153015301530153,0.3497349734973497,0.3584358435843585,0.2765276527652764,1.0,0.9999,1.3231298123374369,1.8221188003905089,2.534509177617855,3.3201169227365472,2.557080282513677,84428.82651043439,4.613031442350626,3.0527257919311523,-0.3376319398072205,-0.15758814994256942,0.22994712512182036,-0.19277169954679563,-0.23538628692845487,-0.07779813698588546,0.11497356256091017,-0.10224565287876564,11.343664168602539,11.445909821481305,11.603497971423874
ISR,Israel,israel,Israel,2010,240089.125,3.380554437637329,801228.625,3.539247989654541,3.05,11.84,41.86,43.25,0.0305,0.1184,0.4185999999999999,0.4325,1.0,1.0,1.3231298123374369,1.8221188003905089,2.534509177617855,3.3201169227365472,2.811227018947201,71020.63564691429,3.337213316096679,3.539247989654541,-0.5105703517004905,-0.06283319332538762,-0.09380197322335948,-0.044892321046755335,-0.1546265009838227,-0.09179330765843507,-0.04690098661167973,-0.3559438507166678,11.170725756709269,11.526669607425937,11.589502800751324
ITA,Italy,italy,Italy,2010,2293011.0,24.79245376586914,12506324.0,2.996690273284912,6.3,19.87,61.69,12.13,0.063006300630063,0.1987198719871987,0.6169616961696169,0.1213121312131213,1.0,0.9999,1.3231298123374369,1.8221188003905089,2.534509177617855,3.3201169227365472,2.4638427631342488,92488.26363273102,5.4541055407060846,2.996690273284912,-0.24645907260529754,-0.19473201293713294,0.3974305398391702,-0.21129815591446732,-0.20731489893201518,-0.012582885994882248,0.19871526991958507,-0.03914417367328238,11.434837035804462,11.473981209477744,11.668713222414876
JAM,Jamaica,jamaica,Jamaica,2010,21172.873046875,1.0949000120162964,157857.5625,2.549626350402832,5.21,22.59,57.46,14.73,0.0521052105210521,0.2259225922592259,0.5746574657465746,0.1473147314731473,1.0,0.9999,1.3231298123374369,1.8221188003905089,2.534509177617855,3.3201169227365472,2.481256363852316,19337.72291031801,7.455651490967538,2.549626350402832,-1.811483086235187,-0.18768921268235295,0.7100342387380285,-0.3728597741444406,-0.20553186745777935,-0.017842654775426403,0.3550171193690142,-1.6059512187774077,9.869813022174572,11.47576424095198,11.663453453634332
JOR,Jordan,jordan,Jordan,2010,77074.9921875,1.8148953914642332,288038.40625,2.7801027297973637,10.12,15.77,57.93,16.18,0.1012,0.1577,0.5793,0.1618,1.0,1.0,1.3231298123374369,1.8221188003905089,2.534509177617855,3.3201169227365472,2.4910983814017116,42468.008101181484,3.7371188510702695,2.7801027297973637,-1.0247897875166476,-0.1837305126672779,0.019376858408224118,-0.2863187131402105,-0.46036079660337637,-0.27663028393609845,0.009688429204112057,-0.5644289909132713,10.656506320893111,11.220935311806382,11.40466582447366
JPN,Japan,japan,Japan,2010,5114662.0,66.01461791992188,26394024.0,3.4973220825195312,0.12,12.71,57.04,30.13,0.0012,0.1271,0.5704,0.3013,1.0,1.0,1.3231298123374369,1.8221188003905089,2.534509177617855,3.3201169227365472,2.7220341962934014,77477.71874108656,5.160462998336938,3.4973220825195312,-0.423550434519413,-0.09507477582957446,0.34208820836644227,-0.056809036962434334,0.01916029139121231,0.11423506722078677,0.1710441041832211,-0.4427107259106253,11.257745673890346,11.700456399800972,11.795531175630545
KAZ,Kazakhstan,kazakhstan,Kazakhstan,2010,331911.3125,7.8960113525390625,774337.3125,3.2301177978515625,0.04,3.04,74.1,22.83,0.0003999600039996,0.0303969603039696,0.7409259074092591,0.2282771722827717,1.0,1.0001,1.3231298123374369,1.8221188003905089,2.534509177617855,3.3201169227365472,2.716150620153757,42035.31348688724,2.332964509909556,3.2301177978515625,-1.0350307671094647,-0.09723857814002368,-0.4517983147499012,-0.13628798683188603,-0.4594257223468603,-0.3621871442068366,-0.22589915737495056,-0.5756050447626044,10.646265341300294,11.221870386062898,11.319108964202922
KEN,Kenya,kenya,Kenya,2010,109637.828125,17.694486618041992,267148.6875,2.165915012359619,26.48,44.45,21.15,7.92,0.2648,0.4445,0.2115,0.0791999999999999,1.0,1.0,1.3231298123374369,1.8221188003905089,2.534509177617855,3.3201169227365472,2.0423089743569354,6196.157621957168,2.4366470229182133,2.165915012359619,-2.9496114678877987,-0.3823732249375733,-0.4083151721303423,-0.5359636826532784,-1.1224944936560228,-0.7401212687184495,-0.20415758606517112,-1.8271169742317759,8.73168464052196,10.558801614753737,10.94117483969131
KGZ,Kyrgyzstan,kyrgyzstan,Kyrgyzstan,2010,19835.63671875,2.3006112575531006,32824.3359375,3.1568760871887207,1.0,3.37,77.74,17.89,0.01,0.0337,0.7774,0.1789,1.0,1.0,1.3231298123374369,1.8221188003905089,2.534509177617855,3.3201169227365472,2.663691777572055,8621.898486164464,1.65481634912542,3.1568760871887207,-2.6192355269872927,-0.1167411960342839,-0.7952480600856707,-0.1592236346967666,-0.6735888607738858,-0.5568476647396019,-0.3976240300428353,-1.9456466662134067,9.062060581422466,11.007707247635873,11.124448443670158
KHM,Cambodia,cambodia,Cambodia,2010,35353.07421875,7.587648868560791,75299.6796875,1.7256673574447632,28.33,56.16,13.46,2.04,0.2833283328332833,0.5616561656165616,0.1346134613461346,0.0204020402040204,1.0,0.9999,1.3231298123374369,1.8221188003905089,2.534509177617855,3.3201169227365472,1.8575241560586002,4659.2923356317215,2.1299330072846607,1.7256673574447632,-3.234677252128357,-0.47720974077637046,-0.542847568213875,-0.7631927437765831,-1.511826268659891,-1.0346165278835207,-0.27142378410693746,-1.722850983468466,8.446618856281402,10.169469839749869,10.64667958052624
KOR,Republic of Korea,republic of korea,Republic of Korea,2010,1780067.625,24.02872085571289,7213039.0,3.467933177947998,4.1,11.5,44.6,39.8,0.0409999999999999,0.115,0.446,0.3979999999999999,1.0,1.0,1.3231298123374369,1.8221188003905089,2.534509177617855,3.3201169227365472,2.7759326033208356,74080.83167176934,4.052115154894747,3.467933177947998,-0.46838401248196426,-0.07546747890198358,0.1003009097942007,-0.06524780277294728,-0.09056482677783051,-0.01509734787584694,0.05015045489710034,-0.37781918570413375,11.212912095927795,11.590731281631928,11.666198760533913
KWT,Kuwait,kuwait,Kuwait,2010,233032.59375,1.7149981260299685,369998.59375,2.147635698318481,7.13,43.99,40.6,8.28,0.0713,0.4399,0.406,0.0828,1.0,1.0,1.3231298123374369,1.8221188003905089,2.534509177617855,3.3201169227365472,2.259667789100927,135879.21188546412,1.5877546904315827,2.147635698318481,0.13822551377040249,-0.281236436402993,-0.8366172216276153,-0.5444390314720724,-1.243984078688873,-0.9627476422858801,-0.4183086108138076,1.3822095924592754,11.819521622180162,10.437312029720886,10.71854846612388
LAO,Lao People's DR,lao people s dr,Lao People's Democratic Republic,2010,27937.341796875,3.1165771484375,79174.6015625,1.8109501600265503,34.59,35.61,24.72,5.07,0.345934593459346,0.3561356135613561,0.2472247224722472,0.0507050705070507,1.0,0.9999,1.3231298123374369,1.8221188003905089,2.534509177617855,3.3201169227365472,1.983700464583309,8964.110453957934,2.8340062608016727,1.8109501600265503,-2.580311951615064,-0.41149022095689336,-0.25724674502060174,-0.7149549354940802,-1.2550685289612744,-0.843578308004381,-0.12862337251030084,-1.3252434226537897,9.100984156794695,10.426227579448485,10.837717800405379
LBR,Liberia,liberia,Liberia,2010,3420.869873046875,1.3166669607162476,10724.943359375,1.724601984024048,55.8,17.53,21.36,5.32,0.557944205579442,0.1752824717528247,0.2135786421357864,0.0531946805319468,1.0,1.0001,1.3231298123374369,1.8221188003905089,2.534509177617855,3.3201169227365472,1.8753888133473056,2598.128437267061,3.1351509286796073,1.724601984024048,-3.818749475423868,-0.4676382378658315,-0.15626077941601912,-0.763810303363465,-1.309578930937306,-0.8419406930714746,-0.07813038970800955,-2.5091705444865617,7.862546632985891,10.371717177472453,10.839355415338284
LKA,Sri Lanka,sri lanka,Sri Lanka,2010,186457.375,7.700440883636475,424523.6875,2.8846120834350586,5.4,20.57,59.92,14.11,0.054,0.2057,0.5992000000000001,0.1411,1.0,1.0,1.3231298123374369,1.8221188003905089,2.534509177617855,3.3201169227365472,2.486354284242647,24213.85707878416,2.2767867857197923,2.8846120834350586,-1.5866157535802348,-0.1856367482115654,-0.47617295100767765,-0.2494161622195301,-0.6731393859349343,-0.4875026377233689,-0.2380864755038388,-0.9134763676453006,10.094680354829524,11.008156722474824,11.19379347068639
LSO,Lesotho,lesotho,Lesotho,2010,5373.1884765625,0.6009471416473389,22548.703125,2.014831304550171,15.69,63.44,18.98,1.89,0.1569,0.6344000000000001,0.1898,0.0189,1.0,1.0,1.3231298123374369,1.8221188003905089,2.534509177617855,3.3201169227365472,1.951544507279273,8941.199823054843,4.196521901912799,2.014831304550171,-2.582871040851943,-0.42783312882855173,0.13531796815595798,-0.6082711212567959,-0.9684452660073687,-0.540612137178817,0.06765898407797898,-1.614425774844574,9.098425067557816,10.712850842402391,11.140683971230942
LTU,Lithuania,lithuania,Lithuania,2010,65531.7421875,1.2599159479141235,271580.5,3.149652004241944,0.0,8.37,62.35,29.29,0.0,0.0836916308369163,0.6234376562343766,0.2928707129287071,1.0,1.0001,1.3231298123374369,1.8221188003905089,2.534509177617855,3.3201169227365472,2.7406260091841825,52012.78886579081,4.144258811599293,3.149652004241944,-0.8220512013576649,-0.0882678780994357,0.12278586208193532,-0.16151462143360473,-0.18838956849207278,-0.10012169039263707,0.06139293104096765,-0.6336616328655921,10.859244907052094,11.492906539917687,11.581174418017122
LUX,Luxembourg,luxembourg,Luxembourg,2010,34426.83984375,0.3591741323471069,159612.40625,3.186408281326294,4.87,20.41,42.8,31.92,0.0487,0.2041,0.428,0.3192,1.0,1.0,1.3231298123374369,1.8221188003905089,2.534509177617855,3.3201169227365472,2.6515751646082784,95849.99793492869,4.636278176400113,3.186408281326294,-0.2107563814807918,-0.12130037775881719,0.2349738317533694,-0.14991224148255688,-0.15372570336468938,-0.032425325605872204,0.11748691587668468,-0.05703067811610241,11.470539726928967,11.52757040504507,11.648870782803886
LVA,Latvia,latvia,Latvia,2010,40952.0234375,0.8519376516342163,272943.28125,3.0294175148010254,0.22,4.29,77.51,17.98,0.0022,0.0429,0.7751,0.1798,1.0,1.0,1.3231298123374369,1.8221188003905089,2.534509177617855,3.3201169227365472,2.665950108359144,48069.27286162833,6.664952262165007,3.0294175148010254,-0.9008976742925316,-0.11589373537160441,0.5979246956776036,-0.20043623162319224,-0.017367619155994884,0.09852611621560953,0.29896234783880177,-0.8835300551365368,10.780398434117227,11.663928489253765,11.779822224625368
MAC,"China, Macao SAR",china macao sar,"China, Macao Special Administrative Region",2010,56330.0390625,0.3183000087738037,124072.0625,2.5749733448028564,3.75,24.71,53.4,18.13,0.0375037503750375,0.2471247124712471,0.534053405340534,0.1813181318131813,1.0,0.9999,1.3231298123374369,1.8221188003905089,2.534509177617855,3.3201169227365472,2.5130578923136246,176971.52846304287,2.2025914514694023,2.5749733448028564,0.40244803406647023,-0.17495394748071347,-0.5093034958293384,-0.3629674107952734,-0.792573106190656,-0.6176191587099426,-0.25465174791466916,1.1950211402571262,12.08374414247623,10.888723002219104,11.063676949699817
MAR,Morocco,morocco,Morocco,2010,223102.84375,10.911794662475586,1106021.125,1.7502882480621338,50.89,23.79,15.96,9.36,0.5089,0.2379,0.1596,0.0935999999999999,1.0,1.0,1.3231298123374369,1.8221188003905089,2.534509177617855,3.3201169227365472,1.9333315156143949,20446.02658417182,4.9574496963353925,1.7502882480621338,-1.7557522648798223,-0.43720955422480845,0.3019533389165099,-0.7490261057744654,-1.0352589905410188,-0.5980494363162104,0.15097666945825491,-0.7204932743388033,9.925543843529937,10.64603711786874,11.083246672093548
MDA,Republic of Moldova,republic of moldova,Republic of Moldova,2010,20961.734375,1.245815396308899,58721.80859375,3.066927909851074,1.11,5.1,76.82,16.97,0.0111,0.051,0.7682,0.1697,1.0,1.0,1.3231298123374369,1.8221188003905089,2.534509177617855,3.3201169227365472,2.644637224161301,16825.714658131063,2.801381199820208,3.066927909851074,-1.9506324788327234,-0.12392034233210902,-0.26882551425569035,-0.18813021357101478,-0.446463313030969,-0.32254297069885995,-0.13441275712784514,-1.5041691658017546,9.730663629577036,11.23483279537879,11.358753137710899
MDV,Maldives,maldives,Maldives,2010,5255.90478515625,0.1197959035634994,13887.9150390625,1.7761234045028689,29.47,40.46,28.24,1.83,0.2946999999999999,0.4046,0.2824,0.0183,1.0,1.0,1.3231298123374369,1.8221188003905089,2.534509177617855,3.3201169227365472,1.9685095592335324,43873.82730804554,2.64234524915383,1.7761234045028689,-0.9922228760205467,-0.4191775554189685,-0.3272712207021836,-0.7343734666511019,-1.317186632421162,-0.8980090770021937,-0.16363561035109178,0.3249637564006155,10.689073232389212,10.364109475988597,10.783287031407566
MEX,Mexico,mexico,Mexico,2010,1925128.875,46.121620178222656,7250142.5,2.599172830581665,9.34,34.35,38.65,17.67,0.0933906609339066,0.3434656534346565,0.3864613538646135,0.1766823317668233,1.0,1.0001,1.3231298123374369,1.8221188003905089,2.534509177617855,3.3201169227365472,2.3945707561468654,41740.269911614945,3.7660556621176853,2.599172830581665,-1.0420744613017519,-0.22325025309988922,0.02709011483350965,-0.35361334099899155,-0.563318536682126,-0.34006828358223673,0.013545057416754823,-0.4787559246196259,10.639221647108007,11.117977571727634,11.341227824827522
MLI,Mali,mali,Mali,2010,30366.767578125,4.4653000831604,34214.75390625,1.2226152420043943,81.37,8.3,8.41,1.91,0.8137813781378138,0.083008300830083,0.0841084108410841,0.0191019101910191,1.0,0.9999,1.3231298123374369,1.8221188003905089,2.534509177617855,3.3201169227365472,1.5656040243374496,6800.61071206492,1.1267170211062218,1.2226152420043943,-2.856528410680509,-0.6481825353366106,-1.1796299823439038,-1.1078143879122775,-2.34581191442084,-1.6976293790842294,-0.5898149911719518,-0.5107164962596691,8.82476769772925,9.335484193988918,9.98366672932553
MLT,Malta,malta,Malta,2010,11165.517578125,0.1628058403730392,41957.26171875,2.999403238296509,1.92,28.34,56.25,13.49,0.0192,0.2834,0.5625,0.1349,1.0,1.0,1.3231298123374369,1.8221188003905089,2.534509177617855,3.3201169227365472,2.464733753488734,68581.79996824008,3.757753406877515,2.999403238296509,-0.545513636481223,-0.19437045200318526,0.02488318519620991,-0.2103932450115651,-0.3923221044166454,-0.19795165241346013,0.012441592598104954,-0.15319153206457758,11.135782471928536,11.288974003993113,11.4833444559963
MMR,Myanmar,myanmar,Myanmar,2010,186192.46875,20.4996280670166,259063.375,1.7253780364990234,21.72,59.08,11.71,7.48,0.2172217221722172,0.5908590859085909,0.1171117111711171,0.0748074807480748,1.0,0.9999,1.3231298123374369,1.8221188003905089,2.534509177617855,3.3201169227365472,1.9796252690456324,9082.724239742627,1.3913740804835857,1.7253780364990234,-2.5671666554099684,-0.41354667417206326,-0.968646289499381,-0.7633604152577669,-1.6612302341795206,-1.2476835600074574,-0.48432314474969046,-0.9059364212304477,9.11412945299979,10.020065874230239,10.433612548402301
MNG,Mongolia,mongolia,Mongolia,2010,23815.85546875,1.1746999025344849,131963.734375,2.7936272621154785,4.46,10.75,61.06,23.74,0.0445955404459554,0.1074892510748925,0.6105389461053895,0.2373762623737626,1.0,1.0001,1.3231298123374369,1.8221188003905089,2.534509177617855,3.3201169227365472,2.640744394107622,20273.991184783343,5.5410033264669565,2.7936272621154785,-1.7642019872715267,-0.125393398031301,0.41323749476041494,-0.2814657479334082,-0.20024039858450174,-0.07484700055320073,0.20661874738020744,-1.5639615886870248,9.917094121138232,11.481055709825258,11.606449107856559
MOZ,Mozambique,mozambique,Mozambique,2010,28875.5,8.550308227539062,45839.5234375,1.1809171438217163,74.6,21.77,3.13,0.5,0.746,0.2177,0.0313,0.005,1.0,1.0,1.3231298123374369,1.8221188003905089,2.534509177617855,3.3201169227365472,1.5116117167280683,3377.129716446597,1.5874884742255546,1.1809171438217163,-3.5565146770217204,-0.6832777992366633,-0.8367849040335583,-1.142515216215071,-2.2441854674685136,-1.5609076682318501,-0.4183924520167791,-1.312329209553207,8.124781431388039,9.437110640941246,10.120388440177909
MRT,Mauritania,mauritania,Mauritania,2010,15612.0673828125,0.8530433773994446,74895.2578125,1.6570870876312256,44.58,41.03,12.14,2.25,0.4458,0.4103,0.1214,0.0225,1.0,1.0,1.3231298123374369,1.8221188003905089,2.534509177617855,3.3201169227365472,1.7806057639597652,18301.6102069825,4.79726713804432,1.6570870876312256,-1.8665517839984958,-0.5195006196684951,0.2691083140724102,-0.8037452988494672,-1.1886917614817571,-0.6691911418132621,0.13455415703620507,-0.6778600225167385,9.814744324411263,10.492604346928001,11.012104966596496
MUS,Mauritius,mauritius,Mauritius,2010,21325.560546875,0.5205148458480835,82749.40625,2.4764835834503174,6.63,39.39,48.7,5.28,0.0663,0.3939,0.487,0.0528,1.0,1.0,1.3231298123374369,1.8221188003905089,2.534509177617855,3.3201169227365472,2.2658877207883497,40970.12931903779,3.8802921999687325,2.4764835834503174,-1.0606975814413655,-0.2784876310506874,0.05697236460832089,-0.40196694923217247,-0.6519683979786994,-0.373480766928012,0.028486182304160442,-0.40872918346266607,10.620598526968394,11.02932771043106,11.307815341481747
MWI,Malawi,malawi,Malawi,2010,16858.490234375,5.936855792999268,36953.86328125,1.6919158697128296,29.61,54.11,15.93,0.36,0.2960703929607039,0.541045895410459,0.1592840715928407,0.0035996400359964,1.0,1.0001,1.3231298123374369,1.8221188003905089,2.534509177617855,3.3201169227365472,1.8378074826420385,2839.6327655885643,2.19200312527986,1.6919158697128296,-3.7298660935068444,-0.4878809673114154,-0.5141223006104402,-0.7829450557686364,-1.5278871733852717,-1.0400062060738564,-0.25706115030522003,-2.2019789201215723,7.951430014902915,10.153408935024487,10.641289902335902
MYS,Malaysia,malaysia,Malaysia,2010,562027.8125,12.03965187072754,1915010.125,2.883427619934082,8.78,23.0,51.85,16.37,0.0877999999999999,0.23,0.5185,0.1637,1.0,1.0,1.3231298123374369,1.8221188003905089,2.534509177617855,3.3201169227365472,2.46019052661627,46681.40063638214,3.407322702557536,2.883427619934082,-0.9301950173955245,-0.1962154461199802,-0.07301124375785939,-0.2498268610283243,-0.4825479290272342,-0.286332482907254,-0.03650562187892969,-0.44764708836829026,10.751101091014235,11.198748179382525,11.394963625502506
NAM,Namibia,namibia,Namibia,2010,19007.91796875,0.5895745754241943,72003.046875,2.138727903366089,20.92,45.23,31.68,2.17,0.2092,0.4523,0.3167999999999999,0.0217,1.0,1.0,1.3231298123374369,1.8221188003905089,2.534509177617855,3.3201169227365472,2.0352327404659047,32240.057087051202,3.7880554300253575,2.138727903366089,-1.300331141100589,-0.38584406177491704,0.03291471281365377,-0.5485953787182863,-0.9179820840863765,-0.5321380223114595,0.01645735640682688,-0.3823490570142124,10.38096496730917,10.763314024323382,11.1491580860983
NER,Niger,niger,Niger,2010,19601.61328125,6.840512275695801,80051.0078125,1.167344093322754,78.16,16.7,4.04,1.11,0.7815218478152185,0.166983301669833,0.0403959604039596,0.0110988901109889,1.0,1.0001,1.3231298123374369,1.8221188003905089,2.534509177617855,3.3201169227365472,1.5180352211414703,2865.5183254175463,4.083898945658371,1.167344093322754,-3.720791579248206,-0.6790373618719269,0.10811406057252881,-1.1540754305905696,-1.779055762176232,-1.1000184003043052,0.0540570302862644,-1.941735817071974,7.960504529161553,9.902240346233526,10.581277708105453
NIC,Nicaragua,nicaragua,Nicaragua,2010,26013.2734375,2.161393165588379,93843.921875,2.0908353328704834,23.14,37.97,27.73,11.15,0.2314231423142314,0.3797379737973797,0.2773277327732773,0.1115111511151115,1.0,0.9999,1.3231298123374369,1.8221188003905089,2.534509177617855,3.3201169227365472,2.1625466575533188,12035.419493157606,3.607539900753792,2.0908353328704834,-2.2856869027005366,-0.3251677075708358,-0.015912023356818628,-0.5712429263996248,-0.9043666456488699,-0.5791989380780341,-0.007956011678409312,-1.381320257051667,9.395609205709222,10.77692946276089,11.102097170331724
NLD,Netherlands,netherlands,Netherlands,2010,843381.4375,8.814677238464355,3763100.75,3.2709224224090576,0.0,10.48,60.71,28.82,0.0,0.1047895210478952,0.607039296070393,0.2881711828817118,1.0,1.0001,1.3231298123374369,1.8221188003905089,2.534509177617855,3.3201169227365472,2.7246900533362783,95679.21940689563,4.4619202921453915,3.2709224224090576,-0.21253969763132652,-0.09409956315801571,0.19664113668358096,-0.1237345618306136,-0.11951355664683884,-0.02541399348882313,0.09832056834179047,-0.09302614098448769,11.468756410778433,11.56178255176292,11.655882114920935
NOR,Norway,norway,Norway,2010,408091.65625,2.5449225902557373,1254158.75,3.5749871730804443,5.85,0.28,64.52,29.36,0.0584941505849415,0.0027997200279972,0.6451354864513549,0.2935706429357064,1.0,1.0001,1.3231298123374369,1.8221188003905089,2.534509177617855,3.3201169227365472,2.7371446843071983,160355.2335196927,3.073228111362544,3.5749871730804443,0.30385073428116094,-0.08953895187761751,-0.17620958423103295,-0.03484500513451594,-0.21248874912764992,-0.1229497972500324,-0.08810479211551646,0.5163394834088109,11.98514684269092,11.46880735928211,11.558346311159728
NPL,Nepal,nepal,Nepal,2010,57221.33203125,12.6196870803833,187521.46875,1.5591062307357788,50.58,22.04,24.03,3.35,0.5058000000000001,0.2204,0.2403,0.0335,1.0000000000000002,1.0,1.3231298123374369,1.8221188003905089,2.534509177617855,3.3201169227365472,1.878867817422721,4534.290879541523,3.2771251925346623,1.5591062307357788,-3.261872124229976,-0.46578487225264675,-0.11197152307678415,-0.8646938652651477,-1.3864644990561865,-0.9206796268035398,-0.05598576153839207,-1.8754076251737894,8.419423984179783,10.294831609353572,10.760616481606219
NZL,New Zealand,new zealand,New Zealand,2010,152528.84375,2.186931610107422,447596.46875,3.203183889389038,0.14,35.16,27.89,36.81,0.0014,0.3515999999999999,0.2789,0.3681,1.0,1.0,1.3231298123374369,1.8221188003905089,2.534509177617855,3.3201169227365472,2.6493424585735124,69745.59380140278,2.9345037813544694,3.203183889389038,-0.528686582027591,-0.12214276254028655,-0.22239972586052148,-0.1446613127347971,-0.3780039382053444,-0.25586117566505784,-0.11119986293026073,-0.1506826438222466,11.152609526382168,11.303292170204415,11.425434932744702
PAK,Pakistan,pakistan,Pakistan,2010,754368.875,53.11954498291016,1253401.375,1.7892049551010132,52.47,15.33,25.53,6.67,0.5246999999999999,0.1533,0.2553,0.0667,1.0,1.0,1.3231298123374369,1.8221188003905089,2.534509177617855,3.3201169227365472,1.9500711903660157,14201.34293775857,1.6615231838667788,1.7892049551010132,-2.12020429621057,-0.42858836311991244,-0.7912033331702374,-0.7270352313012032,-1.5512252610062343,-1.1226368978863217,-0.39560166658511864,-0.5689790352043358,9.561091812199189,10.130070847403525,10.558659210523437
PAN,Panama,panama,Panama,2010,59501.83984375,1.455299973487854,143844.671875,2.7511157989501958,8.14,34.27,33.98,23.61,0.0814,0.3427,0.3398,0.2361,1.0,1.0,1.3231298123374369,1.8221188003905089,2.534509177617855,3.3201169227365472,2.4628573871312605,40886.3058666486,2.417482757721974,2.7511157989501958,-1.0627456423299009,-0.19513202754572423,-0.41621127941800407,-0.29680001886551866,-0.7000376861202449,-0.5049056585745206,-0.208105639709002,-0.362707956209656,10.618550466079858,10.981258422289514,11.176390449835239
PER,Peru,peru,Peru,2010,293563.21875,14.223339080810549,785214.5625,2.681890726089477,6.84,33.98,38.3,20.87,0.0684068406840684,0.3398339833983398,0.383038303830383,0.2087208720872087,1.0,0.9999,1.3231298123374369,1.8221188003905089,2.534509177617855,3.3201169227365472,2.4513977152920834,20639.543013219834,2.6747716074359196,2.681890726089477,-1.7463320298917449,-0.19979588498595746,-0.3150740991564832,-0.3222845527367304,-0.6796174873009294,-0.47982160231497195,-0.15753704957824158,-1.0667145425908156,9.934964078518014,11.00167862110883,11.201474506094787
PHL,Philippines,philippines,Philippines,2010,546330.6875,36.147220611572266,1827379.75,2.5914340019226074,3.37,31.77,40.65,24.22,0.0336966303369663,0.3176682331766823,0.4064593540645935,0.2421757824217578,1.0,1.0001,1.3231298123374369,1.8221188003905089,2.534509177617855,3.3201169227365472,2.5286798343049037,15114.044129995884,3.3448235506631687,2.5914340019226074,-2.0579164430241814,-0.16875688097972796,-0.09152415344813547,-0.3565952021350507,-0.5711141598388464,-0.40235727885911843,-0.04576207672406773,-1.4868022831853351,9.623379665385578,11.110181948570913,11.27893882955064
POL,Poland,poland,Poland,2010,897993.375,15.326408386230469,1996998.375,3.230424642562866,0.29,18.02,60.55,21.13,0.0029002900290029,0.1802180218021802,0.6055605560556054,0.2113211321132113,0.9999999999999998,0.9999,1.3231298123374369,1.8221188003905089,2.534509177617855,3.3201169227365472,2.612051700381606,58591.24671418608,2.2238453318210727,3.230424642562866,-0.7029555174800368,-0.13631823828291612,-0.4997002665360668,-0.13619299644543958,-0.5223613679963891,-0.386043129713473,-0.24985013326803338,-0.18059414948364771,10.978340590929722,11.15893474041337,11.295252978696286
PRT,Portugal,portugal,Portugal,2010,305685.21875,4.91168737411499,2162823.25,2.3612513542175293,11.76,46.32,29.2,12.72,0.1176,0.4632,0.292,0.1272,1.0,1.0,1.3231298123374369,1.8221188003905089,2.534509177617855,3.3201169227365472,2.2409008049267394,62236.29385717566,7.075328204759655,2.3612513542175293,-0.6426024973269548,-0.2895763128243023,0.657675736357118,-0.44961487997388905,-0.4103533246196324,-0.12077701179533012,0.3288378681785589,-0.23224917270732237,11.038693611082804,11.270942783790126,11.56051909661443
PRY,Paraguay,paraguay,Paraguay,2010,65605.7734375,2.677053689956665,231727.140625,2.3709867000579834,4.49,56.71,28.37,10.42,0.0449044904490449,0.5671567156715671,0.2837283728372837,0.1042104210421041,1.0,0.9999,1.3231298123374369,1.8221188003905089,2.534509177617855,3.3201169227365472,2.221028117709106,24506.70813350852,3.5321150637109278,2.3709867000579834,-1.5745939479859992,-0.29848403814496505,-0.03704123575587359,-0.44550039568002375,-0.7625050517029256,-0.46402101355796055,-0.018520617877936792,-0.8120888962830736,10.10670216042376,10.918791056706834,11.217275094851798
QAT,Qatar,qatar,Qatar,2010,256145.703125,1.27020001411438,656942.5625,2.6398301124572754,3.9,43.51,33.78,18.8,0.039003900390039,0.4351435143514351,0.3378337833783378,0.188018801880188,1.0,0.9999,1.3231298123374369,1.8221188003905089,2.534509177617855,3.3201169227365472,2.399110275613661,201657.77064928797,2.5647221658815402,2.6398301124572754,0.533031226479256,-0.2213562927826761,-0.35708794010068323,-0.33809202957887685,-0.7379922924118946,-0.5166359996292185,-0.1785439700503416,1.2710235188911505,12.214327334889015,10.943303815997865,11.164660108780541
ROU,Romania,romania,Romania,2010,378044.59375,8.712800025939941,1269982.625,3.0996644496917725,1.84,10.88,75.42,11.85,0.0184018401840184,0.1088108810881088,0.7542754275427542,0.1185118511851185,1.0,0.9999,1.3231298123374369,1.8221188003905089,2.534509177617855,3.3201169227365472,2.5583440506986626,43389.56393174149,3.359346082435546,3.0996644496917725,-1.0033218796392518,-0.15709404891462875,-0.08719175874979701,-0.17751272972692744,-0.3782026580164547,-0.22110860910182595,-0.0435958793748985,-0.6251192216227971,10.677974228770507,11.303093450393304,11.460187499307933
RUS,Russian Federation,russian federation,Russian Federation,2010,3468686.25,70.37236785888672,13374047.0,3.2980799674987797,0.9,5.62,31.75,62.02,0.0089739754711337,0.0560374912753016,0.3165819124538837,0.6184066207996809,1.0,1.0029,1.3231298123374369,1.8221188003905089,2.534509177617855,3.3201169227365472,3.0086883593016536,49290.458109289975,3.8556519777480593,3.2980799674987797,-0.8758103145906126,0.00504997985082567,0.05060202248015622,-0.11546612221037389,-0.08511513111947011,-0.09016511097029578,0.025301011240078105,-0.7906951834711425,10.805485793819146,11.596180977290288,11.591130997439464
RWA,Rwanda,rwanda,Rwanda,2010,16322.490234375,4.4824652671813965,24776.30859375,1.5950671434402466,53.2,38.42,6.96,1.42,0.5319999999999999,0.3841999999999999,0.0695999999999999,0.0141999999999999,1.0,1.0000000000000002,1.3231298123374369,1.8221188003905089,2.534509177617855,3.3201169227365472,1.6764748360084274,3641.409193704403,1.517924546927977,1.5950671434402466,-3.4811700815711806,-0.5797609659345878,-0.8815941233045204,-0.8418907617729549,-1.862448789359803,-1.282687823425215,-0.4407970616522601,-1.618721292211378,8.200126026838578,9.818847319049956,10.398608284984544
SAU,Saudi Arabia,saudi arabia,Saudi Arabia,2010,1390218.375,8.93005084991455,3528118.75,2.505125999450684,18.07,27.27,40.93,13.72,0.1807180718071807,0.2727272727272727,0.4093409340934093,0.1372137213721372,1.0,0.9999,1.3231298123374369,1.8221188003905089,2.534509177617855,3.3201169227365472,2.3160082156609967,155678.66279432244,2.5378162261738195,2.505125999450684,0.2742531995225317,-0.2566091358554148,-0.3676341377059732,-0.39046756087074763,-0.830893765579149,-0.5742846297237342,-0.18381706885298657,1.1051469651016808,11.95554930793229,10.850402342830611,11.107011478686024
SDN,Sudan,sudan,Sudan,2010,141242.984375,8.412276268005371,581822.0625,1.5208241939544678,55.73,29.12,12.39,2.76,0.5573,0.2912,0.1239,0.0276,1.0,1.0,1.3231298123374369,1.8221188003905089,2.534509177617855,3.3201169227365472,1.744307451799045,16790.10292519673,4.119298845705942,1.5208241939544678,-1.9527512282082586,-0.5400966417906766,0.11674487033601699,-0.8895541725566773,-1.3712783791793455,-0.8311817373886689,0.05837243516800849,-0.5814728490289129,9.7285448802015,10.310017729230413,10.85011437102109
SEN,Senegal,senegal,Senegal,2010,39352.828125,4.325661659240723,131108.203125,1.453606367111206,65.26,23.9,7.86,2.98,0.6526000000000001,0.239,0.0786,0.0298,1.0,1.0,1.3231298123374369,1.8221188003905089,2.534509177617855,3.3201169227365472,1.6641493877067408,9097.52801422466,3.331608155544729,1.453606367111206,-2.5655380995959884,-0.5871401282737402,-0.09548297844915443,-0.9347589749981853,-1.5696405924965027,-0.9825004642227625,-0.04774148922457721,-0.9958975070994858,9.11575800881377,10.111655515913256,10.698795644186996
SGP,Singapore,singapore,Singapore,2010,369290.46875,3.1083149909973145,1488260.375,3.060360908508301,16.39,7.41,39.23,36.97,0.1639,0.0741,0.3923,0.3697,1.0,1.0,1.3231298123374369,1.8221188003905089,2.534509177617855,3.3201169227365472,2.669879422394981,118807.2862047716,4.030053578251199,3.060360908508301,0.003961907310207735,-0.11442093166846412,0.09484157526007753,-0.1902737403581154,-0.25727388439654075,-0.14285295272807663,0.047420787630038756,0.2612357917067485,11.685258015719967,11.424022224013218,11.538443155681682
SLE,Sierra Leone,sierra leone,Sierra Leone,2010,8106.5869140625,2.103102684020996,18040.591796875,1.506676435470581,65.14,19.2,14.34,1.31,0.6514651465146515,0.192019201920192,0.1434143414341434,0.0131013101310131,1.0,0.9999,1.3231298123374369,1.8221188003905089,2.534509177617855,3.3201169227365472,1.6863280670446692,3854.5844554595074,2.2254238421326216,1.506676435470581,-3.4242776218776037,-0.573900819195077,-0.4989907071383043,-0.898900404450101,-1.7222965772143302,-1.1483957580192532,-0.24949535356915212,-1.7019810446632733,8.257018486532155,9.95899953119543,10.532900350390506
SLV,El Salvador,el salvador,El Salvador,2010,37411.19140625,2.4802632331848145,82054.71875,2.0186495780944824,4.22,54.09,34.91,6.78,0.0421999999999999,0.5409,0.3490999999999999,0.0678,1.0,1.0,1.3231298123374369,1.8221188003905089,2.534509177617855,3.3201169227365472,2.20445627956966,15083.556819979818,2.1933201180086384,2.0186495780944824,-2.059935631265322,-0.30597334964668577,-0.5135216640346131,-0.6063778311701584,-1.1691120128341508,-0.8631386631874649,-0.2567608320173065,-0.8908236184311715,9.621360477144437,10.51218409557561,10.818157445222294
SRB,Serbia,serbia,Serbia,2010,108497.65625,2.399261951446533,538484.875,3.133087396621704,3.25,10.27,70.18,16.3,0.0325,0.1027,0.7018000000000001,0.163,1.0,1.0,1.3231298123374369,1.8221188003905089,2.534509177617855,3.3201169227365472,2.5889822479998226,45221.26322412855,4.963101449484076,3.133087396621704,-0.9619734278921559,-0.14518939886478388,0.30309274209624326,-0.16678768623709295,-0.16043071405375522,-0.015241315188971344,0.1515463710481216,-0.8015427138384007,10.719322680517603,11.520865394356004,11.666054793220788
SVK,Slovakia,slovakia,Slovakia,2010,146741.875,2.190112590789795,484717.90625,3.612762928009033,0.26,0.74,81.72,17.28,0.0026,0.0074,0.8172,0.1728,1.0,1.0,1.3231298123374369,1.8221188003905089,2.534509177617855,3.3201169227365472,2.6801871542703464,67001.97771434307,3.3032009864259946,3.612762928009033,-0.5688186923477829,-0.11056761714170726,-0.10404610124446356,-0.02433375969464513,-0.18692442745858417,-0.07635681031687691,-0.052023050622231774,-0.38189426488919875,11.112477416061976,11.494371680951176,11.604939298092882
SVN,Slovenia,slovenia,Slovenia,2010,60950.0546875,0.9643076062202454,323130.5,3.39108943939209,0.48,3.46,73.76,22.3,0.0048,0.0346,0.7376,0.223,1.0,1.0,1.3231298123374369,1.8221188003905089,2.534509177617855,3.3201169227365472,2.7054751614120045,63206.029169886235,5.301562101244013,3.39108943939209,-0.6271411345672409,-0.10117668562612592,0.36906341775415297,-0.0876553550077388,-0.0043003317567882615,0.09687635386933766,0.18453170887707646,-0.6228408028104526,11.054154973842518,11.676995776652971,11.778172462279096
SWE,Sweden,sweden,Sweden,2010,434925.3125,4.494977474212647,1799197.625,3.346539258956909,1.73,12.71,57.42,28.15,0.0172982701729827,0.1270872912708729,0.5741425857414257,0.2814718528147184,0.9999999999999998,1.0001000000000002,1.3231298123374369,1.8221188003905089,2.534509177617855,3.3201169227365472,2.69129764094218,96758.06274784118,4.136796763237366,3.346539258956909,-0.20132716509497506,-0.10643077120790922,0.12098366420651496,-0.10087983848652882,-0.14681877759118056,-0.04038800638327134,0.060491832103257474,-0.0545083875037945,11.479968943314784,11.534477330818579,11.640908102026488
SWZ,Eswatini,eswatini,Swaziland,2010,9329.5078125,0.2534212172031402,44560.80078125,1.7123980522155762,44.82,31.38,22.54,1.27,0.4481551844815518,0.3137686231376862,0.2253774622537746,0.0126987301269873,1.0,1.0001,1.3231298123374369,1.8221188003905089,2.534509177617855,3.3201169227365472,1.8477194880638832,36814.23329689696,4.776329220877642,1.7123980522155762,-1.167656284658463,-0.48250207338450835,0.2647342105975887,-0.7709118354953023,-1.1210468035810162,-0.6385447301965079,0.13236710529879434,-0.04660948107744678,10.513639823751296,10.560249304828742,11.042751378213252
SYR,Syrian Arab Republic,syrian arab republic,Syrian Arab Republic,2010,132627.015625,5.263532161712647,390202.34375,2.387016773223877,20.87,44.84,28.07,6.22,0.2087,0.4484,0.2807,0.0622,1.0,1.0,1.3231298123374369,1.8221188003905089,2.534509177617855,3.3201169227365472,2.0839602351251645,25197.341167541348,2.9421030241175647,2.387016773223877,-1.5468023497012844,-0.36218420023409437,-0.21981345550061482,-0.4387622190868318,-0.9108531470712335,-0.5486689468371392,-0.1099067277503074,-0.635949202630051,10.134493758708475,10.770442961338526,11.13262716157262
TGO,Togo,togo,Togo,2010,8331.79296875,2.617223024368286,37436.484375,1.7663685083389282,49.84,23.22,24.31,2.63,0.4984,0.2322,0.2430999999999999,0.0263,1.0,1.0,1.3231298123374369,1.8221188003905089,2.534509177617855,3.3201169227365472,1.8694882378748199,3183.4478342788643,4.493208666539456,1.7663685083389282,-3.6155759953665445,-0.4707895190826966,0.2036289761341712,-0.7398808445423827,-1.1088558755579938,-0.6380663564752971,0.10181448806708558,-2.5067201198085507,8.065720113043215,10.572440232851765,11.043229751934462
THA,Thailand,thailand,Thailand,2010,933518.0625,38.01229095458984,3748098.5,2.5527467727661133,3.66,57.49,26.33,12.53,0.0365963403659634,0.5748425157484252,0.2632736726327367,0.1252874712528747,1.0,1.0001,1.3231298123374369,1.8221188003905089,2.534509177617855,3.3201169227365472,2.24608086160763,24558.321507514436,4.015025151160372,2.5527467727661133,-1.5724900710120515,-0.2872673847442837,0.09110551621652374,-0.37163664809035635,-0.6133512747263782,-0.3260838899820945,0.045552758108261864,-0.9591387962856732,10.108806037397708,11.06794483368338,11.355212218427665
TJK,Tajikistan,tajikistan,Tajikistan,2010,22948.115234375,2.2450428009033203,228480.390625,3.1185014247894287,0.37,6.41,84.49,8.73,0.0037,0.0641,0.8449,0.0873,1.0,1.0,1.3231298123374369,1.8221188003905089,2.534509177617855,3.3201169227365472,2.5708044420393,10221.682733683985,9.956390243445748,3.1185014247894287,-2.44902960716016,-0.1522353805135792,0.9992764850861595,-0.1714540194576546,0.1759488425718459,0.3281842230854251,0.4996382425430797,-2.624978449732006,9.2322665012496,11.857244950981604,12.009480331495185
TTO,Trinidad and Tobago,trinidad and tobago,Trinidad and Tobago,2010,42359.0,0.5823000073432922,152059.921875,3.007477283477783,1.32,39.05,50.02,9.61,0.0132,0.3905,0.5002000000000001,0.0961,1.0000000000000002,1.0,1.3231298123374369,1.8221188003905089,2.534509177617855,3.3201169227365472,2.3647610700832002,72744.28896757243,3.5897901715101868,3.007477283477783,-0.48659042862142954,-0.2357772535178636,-0.02084434271682034,-0.20770497777719865,-0.4539044026534724,-0.21812714913560882,-0.010422171358410169,-0.03268602596795711,11.19470567978833,11.227391705756286,11.46316895927415
TUN,Tunisia,tunisia,Tunisia,2010,127878.953125,3.574774742126465,606654.375,2.217883825302124,26.83,33.84,26.83,12.5,0.2683,0.3384,0.2683,0.125,1.0,1.0,1.3231298123374369,1.8221188003905089,2.534509177617855,3.3201169227365472,2.166706861076996,35772.590540608675,4.74397357950689,2.217883825302124,-1.1963588566205772,-0.3232458035814645,0.2579369969744534,-0.512253083900627,-0.7065303889948648,-0.38328458541340027,0.12896849848722666,-0.4898284676257123,10.484937251789182,10.974765719414894,11.298011522996358
TUR,Turkey,turkey,Turkey,2010,1430262.375,22.581518173217773,4660637.5,2.2143657207489014,11.3,52.27,25.72,10.71,0.113,0.5227,0.2572,0.1071,1.0,1.0,1.3231298123374369,1.8221188003905089,2.534509177617855,3.3201169227365472,2.183121250875943,63337.74213180785,3.2585891801845097,2.2143657207489014,-0.6250594357505985,-0.3156986236516177,-0.11764376056808756,-0.5138405871562629,-0.8883610910919244,-0.5726624674403067,-0.058821880284043775,0.2633016553413259,11.05623667265916,10.792935017317834,11.108633640969453
TWN,Taiwan,taiwan,Taiwan,2010,964466.0,10.493144989013672,3483863.5,3.078654766082764,2.83,16.07,46.12,34.97,0.0283028302830283,0.1607160716071607,0.4612461246124612,0.3497349734973497,1.0,0.9999,1.3231298123374369,1.8221188003905089,2.534509177617855,3.3201169227365472,2.7205255239472157,91913.91151173422,3.6122201301030827,3.078654766082764,-0.2526884348983902,-0.09562917392987158,-0.014615517659986255,-0.18431385600717465,-0.28725078876703936,-0.19162161483716778,-0.0073077588299931264,0.03456235386864914,11.428607673511369,11.39404531964272,11.489674493572592
TZA,U.R. of Tanzania: Mainland,u r of tanzania mainland,United Republic of Tanzania,2010,98450.6953125,18.24154281616211,475402.5625,1.5961668491363523,26.09,66.37,6.74,0.8,0.2609,0.6637000000000001,0.0674,0.008,1.0,1.0,1.3231298123374369,1.8221188003905089,2.534509177617855,3.3201169227365472,1.7836640172372586,5397.059684297763,4.828839054828285,1.5961668491363523,-3.0876865270607574,-0.5177845576329333,0.2756679819923218,-0.8412015576956643,-1.2211521243324368,-0.7033675666995034,0.13783399099616087,-1.8665344027283206,8.593609581349002,10.460143984077323,10.977928541710256
UGA,Uganda,uganda,Uganda,2010,63122.69140625,10.105009078979492,200289.5625,1.972050189971924,20.7,50.47,25.87,2.96,0.207,0.5047000000000001,0.2587,0.0296,1.0000000000000002,1.0,1.3231298123374369,1.8221188003905089,2.534509177617855,3.3201169227365472,2.006529078309641,6246.673398597755,3.173020003392451,1.972050189971924,-2.941491763602297,-0.4000478402337143,-0.14425427862809603,-0.6297328861637382,-1.1019078657115005,-0.7018600254777863,-0.072127139314048,-1.8395838978907966,8.739804344807462,10.579388242698258,10.979436082931972
UKR,Ukraine,ukraine,Ukraine,2010,440252.15625,20.252878189086918,2211308.0,3.213732957839966,1.49,4.97,53.63,39.92,0.0148985101489851,0.0496950304969503,0.5362463753624638,0.3991600839916008,1.0,1.0001,1.3231298123374369,1.8221188003905089,2.534509177617855,3.3201169227365472,2.8347474832257324,21737.7575739939,5.022821509463078,3.213732957839966,-1.694490100525007,-0.05450138086911771,0.3150537340269812,-0.1413734166297811,-0.038347930485408216,0.016153450383709494,0.15752686701349058,-1.6561421700395988,9.986806007884752,11.642948177924351,11.697449558793469
URY,Uruguay,uruguay,Uruguay,2010,59494.7890625,1.6038750410079956,243266.9375,2.5791146755218506,1.62,48.88,40.09,9.41,0.0162,0.4888,0.4009,0.0941,1.0,1.0,1.3231298123374369,1.8221188003905089,2.534509177617855,3.3201169227365472,2.2942953200106424,37094.40420315351,4.088878056941174,2.5791146755218506,-1.1600747012939152,-0.2660284966505013,0.10933252325595677,-0.36136040230263466,-0.5727226373251576,-0.3066941406746563,0.05466626162797838,-0.5873520639687576,10.521221407115844,11.108573471084602,11.374601967735103
USA,United States,united states,USA,2010,16651722.0,140.71380615234375,61035260.0,3.7017533779144287,0.39,2.54,39.79,57.28,0.0039,0.0254,0.3979,0.5728,1.0,1.0,1.3231298123374369,1.8221188003905089,2.534509177617855,3.3201169227365472,2.9935328434429818,118337.51396058478,3.6654022929280226,3.7017533779144287,0.0,0.0,0.0,0.0,0.0,0.0,0.0,0.0,11.681296108409759,11.681296108409759,11.681296108409759
VEN,Venezuela (Bolivarian Republic of),venezuela bolivarian republic of,Venezuela,2010,540223.875,12.00979995727539,2352053.25,2.588259220123291,6.62,39.62,37.84,15.92,0.0662,0.3962,0.3784,0.1592,1.0,1.0,1.3231298123374369,1.8221188003905089,2.534509177617855,3.3201169227365472,2.370011923686197,44981.92117452705,4.35384913338012,2.588259220123291,-0.967280172058306,-0.23355925668357314,0.1721222166310712,-0.35782105936666153,-0.5053192077346991,-0.27175995105112594,0.08606110831553558,-0.4619609643236069,10.714015936351453,11.17597690067506,11.409536157358634
VNM,Viet Nam,viet nam,Viet Nam,2010,418834.9375,49.04850006103516,1127148.5,2.42077112197876,8.16,27.2,57.8,6.84,0.0816,0.272,0.578,0.0684,1.0,1.0,1.3231298123374369,1.8221188003905089,2.534509177617855,3.3201169227365472,2.3479420344911475,8539.199710058587,2.691152048412867,2.42077112197876,-2.628873536784246,-0.24291502843241253,-0.3089687227441097,-0.4247204584668385,-0.8221198482713058,-0.5792048198388933,-0.15448436137205482,-1.80675368851294,9.052422571625513,10.859176260138453,11.102091288570866
YEM,Yemen,yemen,Yemen,2010,113271.515625,4.295603275299072,230562.3125,1.4162533283233645,69.25,13.14,15.08,2.53,0.6924999999999999,0.1314,0.1507999999999999,0.0252999999999999,0.9999999999999998,1.0000000000000002,1.3231298123374369,1.8221188003905089,2.534509177617855,3.3201169227365472,1.7018195960983575,26369.17526260935,2.0354836008666677,1.4162533283233645,-1.5013451051446403,-0.5647562136177479,-0.5882046630957888,-0.9607917098712739,-1.8196502550369162,-1.2548940414191683,-0.29410233154789434,0.3183051498922759,10.179951003265119,9.861645853372842,10.42640206699059
ZAF,South Africa,south africa,South Africa,2010,660532.4375,15.727519035339355,2272312.0,2.5043632984161377,7.82,19.05,66.98,6.14,0.0782078207820782,0.1905190519051905,0.6698669866986698,0.0614061406140614,1.0,0.9999,1.3231298123374369,1.8221188003905089,2.534509177617855,3.3201169227365472,2.3977910089812604,41998.51457917804,3.4401217426963986,2.5043632984161377,-1.0359065789321136,-0.22190634231982198,-0.06343123438374731,-0.3907720633839137,-0.6443940228956093,-0.42248768057578734,-0.03171561719187365,-0.39151255603650426,10.645389529477645,11.03690208551415,11.258808427833971
ZMB,Zambia,zambia,Zambia,2010,45006.21875,3.704169988632202,243631.578125,2.222128629684448,18.42,46.61,33.47,1.5,0.1842,0.4661,0.3347,0.015,1.0,1.0,1.3231298123374369,1.8221188003905089,2.534509177617855,3.3201169227365472,2.045813460545463,12150.149395983564,5.413286983257175,2.222128629684448,-2.2761993637509335,-0.3806587522901611,0.3899183883610269,-0.5103410146356816,-0.6960405727453293,-0.31538182045516816,0.1949591941805134,-1.580158791005604,9.405096744658826,10.98525553566443,11.365914287954592
ZWE,Zimbabwe,zimbabwe,Zimbabwe,2010,28976.095703125,5.753274440765381,59581.9765625,2.3726048469543457,8.51,36.14,54.26,1.08,0.0851085108510851,0.3614361436143614,0.5426542654265426,0.0108010801080108,1.0,0.9999,1.3231298123374369,1.8221188003905089,2.534509177617855,3.3201169227365472,2.2257443151710428,5036.45289329709,2.0562458508195163,2.3726048469543457,-3.1568387861339833,-0.2963628595591655,-0.5780561777705764,-0.44481815019447113,-1.0302090986389247,-0.7338462390797593,-0.28902808888528814,-2.1266296874950585,8.524457322275776,10.651087009770833,10.94744986933
