countrycode,country,country_norm,country_barro_lee,year,rgdpo,emp,cn,hc,no_schooling_raw_pct,primary_total_raw_pct,secondary_total_raw_pct,tertiary_total_raw_pct,theta_no_schooling,theta_primary,theta_secondary,theta_tertiary,theta_sum,theta_sum_before_norm
ALB,Albania,albania,Albania,2010,31021.064453125,0.8908183574676514,157940.078125,2.9040780067443848,3.86,10.91,83.77,1.46,0.038599999999999995,0.1091,0.8377,0.0146,1.0,1.0
ARE,United Arab Emirates,united arab emirates,United Arab Emirates,2010,618895.25,5.272982120513916,2595549.0,2.717432737350464,10.2,25.51,48.32,15.98,0.101989801019898,0.25507449255074494,0.4831516848315169,0.15978402159784022,1.0,1.0001
ARG,Argentina,argentina,Argentina,2010,784810.125,18.076745986938477,2702753.0,2.830078363418579,1.12,41.94,45.2,11.74,0.011200000000000002,0.4194,0.452,0.1174,1.0,1.0
ARM,Armenia,armenia,Armenia,2010,25550.779296875,1.1600652933120728,51933.57421875,3.111227512359619,0.41,5.12,73.07,21.4,0.0041,0.05120000000000001,0.7307,0.21400000000000002,1.0,0.9999999999999999
AUS,Australia,australia,Australia,2010,1112663.75,11.121260643005371,4208504.0,3.4289608001708984,0.78,6.48,54.73,38.0,0.007800780078007801,0.06480648064806481,0.5473547354735474,0.38003800380038005,1.0,0.9999
AUT,Austria,austria,Austria,2010,385229.0625,4.096951007843018,1799280.875,3.282888174057007,1.48,21.75,59.39,17.39,0.014798520147985203,0.21747825217478253,0.5938406159384062,0.17388261173882613,1.0,1.0001
BDI,Burundi,burundi,Burundi,2010,6650.67236328125,3.7510135173797607,13177.482421875,1.297952651977539,57.28,35.99,5.86,0.87,0.5728,0.3599,0.058600000000000006,0.0087,1.0,1.0
BEL,Belgium,belgium,Belgium,2010,489332.59375,4.499626159667969,2433023.5,3.092796802520752,5.0,15.36,49.64,30.0,0.05,0.1536,0.4964,0.3,1.0,1.0
BEN,Benin,benin,Benin,2010,19116.169921875,3.3049874305725098,56056.1796875,1.5562914609909058,64.09,16.76,16.05,3.11,0.6408359164083592,0.16758324167583244,0.16048395160483953,0.031096890310968902,1.0000000000000002,1.0001
BGD,Bangladesh,bangladesh,Bangladesh,2010,391172.8125,54.435997009277344,1154218.875,1.8734359741210938,41.99,20.27,33.17,4.58,0.41985801419858015,0.20267973202679732,0.33166683331666835,0.045795420457954206,1.0,1.0001
BGR,Bulgaria,bulgaria,Bulgaria,2010,123621.28125,3.2534754276275635,329768.09375,3.082859516143799,2.26,5.33,68.88,23.53,0.0226,0.0533,0.6888,0.2353,1.0,1.0
BHR,Bahrain,bahrain,Bahrain,2010,57765.90625,0.5914424657821655,222730.640625,2.2646985054016113,31.7,13.4,45.42,9.48,0.317,0.134,0.4542,0.09480000000000001,1.0,1.0
BLZ,Belize,belize,Belize,2010,2510.125244140625,0.1202249825000763,4675.4990234375,3.2668745517730713,0.1,15.96,78.22,5.72,0.001,0.15960000000000002,0.7822,0.0572,1.0,1.0
BOL,Bolivia (Plurinational State of),bolivia plurinational state of,Bolivia,2010,52741.2421875,4.4446258544921875,111501.265625,2.718721389770508,13.53,39.53,24.16,22.77,0.1353135313531353,0.39533953395339533,0.24162416241624163,0.2277227722772277,1.0,0.9999
BRA,Brazil,brazil,Brazil,2010,2938155.5,86.35382843017578,11923873.0,2.4733617305755615,12.37,37.01,39.32,11.3,0.12369999999999999,0.3701,0.3932,0.113,1.0,1.0
BRB,Barbados,barbados,Barbados,2010,4747.01904296875,0.12700000405311584,19015.26953125,2.8000993728637695,0.02,11.31,86.53,2.14,0.00020000000000000004,0.11310000000000002,0.8653000000000001,0.021400000000000006,1.0000000000000002,0.9999999999999999
BRN,Brunei Darussalam,brunei darussalam,Brunei Darussalam,2010,31861.44140625,0.1790456622838974,109991.0078125,2.6969714164733887,20.61,13.52,55.2,10.67,0.2061,0.1352,0.552,0.1067,1.0,1.0
BWA,Botswana,botswana,Botswana,2010,28866.9140625,0.7740967273712158,132045.25,2.7158873081207275,15.73,8.59,71.58,4.1,0.1573,0.0859,0.7158,0.040999999999999995,1.0,1.0
CAF,Central African Republic,central african republic,Central African Republic,2010,4916.849609375,1.7110685110092163,18676.53125,1.4683477878570557,53.27,28.67,16.12,1.94,0.5327,0.28669999999999995,0.16119999999999998,0.019399999999999997,0.9999999999999999,1.0000000000000002
CAN,Canada,canada,Canada,2010,1558715.625,17.295398712158203,5941241.0,3.65504789352417,0.58,5.5,46.25,47.67,0.0058,0.055,0.4625,0.4767,1.0,1.0
CHE,Switzerland,switzerland,Switzerland,2010,505411.15625,4.38947868347168,1993188.125,3.6348724365234375,1.44,2.77,62.59,33.2,0.0144,0.0277,0.6259,0.332,1.0,1.0
CHL,Chile,chile,Chile,2010,342195.9375,6.889198303222656,1132028.25,2.9787709712982178,2.95,22.0,56.97,18.08,0.029500000000000005,0.22000000000000003,0.5697000000000001,0.18080000000000002,1.0000000000000002,0.9999999999999999
CHN,China,china,China,2010,13847619.0,781.0355224609375,49973752.0,2.4410219192504883,6.59,28.09,61.75,3.58,0.0658934106589341,0.2808719128087191,0.6174382561743826,0.0357964203579642,1.0,1.0001
CIV,Côte d'Ivoire,cote d ivoire,Cote dIvoire,2010,57416.21875,5.853764057159424,123600.3671875,1.5302809476852417,46.95,30.69,17.33,5.03,0.46950000000000003,0.3069,0.17329999999999998,0.050300000000000004,1.0,1.0
CMR,Cameroon,cameroon,Cameroon,2010,59721.0703125,8.527642250061035,160065.09375,1.8698792457580566,18.24,53.76,25.54,2.47,0.1823817618238176,0.5375462453754625,0.25537446255374463,0.024697530246975307,1.0,1.0001
COD,D.R. of the Congo,d r of the congo,Democratic Republic of the Congo,2010,45981.0234375,19.699716567993164,191153.921875,1.6226963996887207,44.18,33.42,21.22,1.18,0.44179999999999997,0.3342,0.2122,0.0118,1.0,1.0
COG,Congo,congo,Congo,2010,24714.2109375,1.4761216640472412,99944.21875,2.023773670196533,32.1,24.66,40.95,2.29,0.321,0.2466,0.40950000000000003,0.0229,1.0,1.0
COL,Colombia,colombia,Colombia,2010,540688.4375,18.89134407043457,1768257.75,2.3859755992889404,7.93,35.75,36.57,19.76,0.07929207079292071,0.3574642535746425,0.36566343365663434,0.19758024197580246,1.0,1.0001
CRI,Costa Rica,costa rica,Costa Rica,2010,62831.0078125,1.9407755136489868,170760.609375,2.5200469493865967,5.48,52.12,23.56,18.84,0.05480000000000001,0.5212000000000001,0.2356,0.18840000000000004,1.0000000000000002,0.9999999999999999
CYP,Cyprus,cyprus,Cyprus,2010,26422.625,0.3456670939922333,162017.734375,2.722369432449341,0.86,23.3,44.95,30.89,0.0086,0.233,0.4495,0.3089,1.0,1.0
CZE,Czech Republic,czech republic,Czech Republic,2010,318896.5625,5.0989909172058105,1715475.0,3.6364033222198486,0.14,0.05,83.29,16.52,0.0014000000000000002,0.0005,0.8329000000000001,0.16519999999999999,1.0,1.0
DEU,Germany,germany,Germany,2010,3672402.0,40.63188171386719,15333157.0,3.6533331871032715,1.84,1.64,72.25,24.27,0.0184,0.016399999999999998,0.7225,0.2427,1.0,1.0
DNK,Denmark,denmark,Denmark,2010,271409.96875,2.7914505004882812,1166865.375,3.4391186237335205,2.89,6.9,61.63,28.6,0.02889422115576885,0.06898620275944811,0.6161767646470707,0.2859428114377125,1.0000000000000002,1.0002
DOM,Dominican Republic,dominican republic,Dominican Rep.,2010,126976.6953125,3.8970165252685547,417298.3125,2.4240472316741943,10.8,35.36,43.57,10.27,0.10800000000000001,0.35359999999999997,0.4357,0.1027,1.0,1.0
DZA,Algeria,algeria,Algeria,2010,532781.75,9.781851768493652,2139251.75,2.039870500564575,26.99,44.15,18.73,10.13,0.2699,0.4415,0.1873,0.1013,1.0,1.0
ECU,Ecuador,ecuador,Ecuador,2010,148737.3125,6.7334184646606445,644770.25,2.705012559890747,10.63,49.59,28.22,11.55,0.1063106310631063,0.4959495949594959,0.2822282228222822,0.11551155115511551,0.9999999999999999,0.9999000000000001
EGY,Egypt,egypt,Egypt,2010,862343.0625,22.842914581298828,1214617.375,2.356199026107788,37.39,10.51,42.03,10.08,0.37386261373862617,0.1050894910508949,0.42025797420257976,0.10078992100789921,1.0000000000000002,1.0001
ESP,Spain,spain,Spain,2010,1622292.375,19.412738800048828,10037753.0,2.803053140640259,2.49,30.12,41.72,25.67,0.024900000000000002,0.3012,0.4172,0.25670000000000004,1.0,1.0
EST,Estonia,estonia,Estonia,2010,31773.455078125,0.5611211657524109,152235.3125,3.472615957260132,0.18,4.62,60.39,34.81,0.0018,0.0462,0.6039,0.3481,1.0,1.0
FIN,Finland,finland,Finland,2010,233241.90625,2.4958302974700928,1161520.625,3.335679292678833,0.37,28.69,39.34,31.61,0.0036996300369963007,0.28687131286871315,0.3933606639336067,0.3160683931606839,1.0,1.0001
FJI,Fiji,fiji,Fiji,2010,7454.62548828125,0.282317191362381,15130.935546875,2.6106793880462646,3.02,32.65,51.19,13.13,0.030203020302030203,0.32653265326532654,0.5119511951195119,0.1313131313131313,1.0,0.9999
FRA,France,france,France,2010,2591608.5,26.876161575317383,13083475.0,3.05643367767334,1.55,19.23,54.78,24.43,0.015501550155015502,0.1923192319231923,0.5478547854785479,0.2443244324432443,1.0,0.9999
GAB,Gabon,gabon,Gabon,2010,22436.4453125,0.4558199942111969,114987.9921875,2.450770616531372,19.19,35.64,32.98,12.18,0.19191919191919193,0.3564356435643564,0.32983298329832983,0.1218121812181218,0.9999999999999999,0.9999
GBR,United Kingdom,united kingdom,United Kingdom,2010,2481864.75,29.42511749267578,10976813.0,3.7031314373016357,0.16,15.9,55.6,28.34,0.0016,0.159,0.556,0.2834,1.0,1.0
GHA,Ghana,ghana,Ghana,2010,108134.703125,10.33951187133789,599238.625,2.2591521739959717,35.33,10.35,51.19,3.13,0.3533,0.1035,0.5119,0.0313,1.0,1.0
GMB,Gambia,gambia,Gambia,2010,5301.68603515625,0.5280076861381531,14040.560546875,1.458304762840271,72.7,3.02,22.36,1.93,0.726927307269273,0.030196980301969805,0.22357764223577642,0.0192980701929807,0.9999999999999999,1.0001
GRC,Greece,greece,Greece,2010,324407.4375,4.6371541023254395,1916699.875,2.9418528079986572,2.79,34.06,36.31,26.84,0.0279,0.3406,0.36310000000000003,0.26839999999999997,1.0,1.0
GTM,Guatemala,guatemala,Guatemala,2010,101553.3046875,5.213250637054443,322549.5625,1.7620407342910767,31.24,46.18,22.55,0.02,0.3124312431243124,0.46184618461846183,0.22552255225522552,0.00020002000200020003,0.9999999999999999,0.9999
HKG,"China, Hong Kong SAR",china hong kong sar,"China, Hong Kong Special Administrative Region",2010,385726.3125,3.493873357772827,1744682.25,3.1425347328186035,6.28,19.75,56.75,17.21,0.0628062806280628,0.1975197519751975,0.5675567556755675,0.1721172117211721,0.9999999999999999,0.9999000000000001
HND,Honduras,honduras,Honduras,2010,34200.609375,3.106600046157837,120599.1640625,2.066002130508423,18.72,53.63,22.53,5.12,0.18719999999999998,0.5363,0.2253,0.0512,1.0,1.0
HRV,Croatia,croatia,Croatia,2010,93659.1328125,1.8147594928741455,429728.34375,3.229398488998413,1.93,8.85,70.93,18.29,0.019299999999999998,0.0885,0.7093,0.18289999999999998,1.0,1.0
HTI,Haiti,haiti,Haiti,2010,18175.68359375,3.7120659351348877,141109.75,1.6132984161376953,35.12,36.39,27.47,1.03,0.3511648835116488,0.3638636136386361,0.2746725327467253,0.010298970102989701,1.0,1.0001
HUN,Hungary,hungary,Hungary,2010,236413.09375,3.92093825340271,1004131.875,3.274661064147949,0.28,1.81,78.48,19.43,0.0028000000000000004,0.0181,0.7848,0.1943,1.0,1.0
IDN,Indonesia,indonesia,Indonesia,2010,1977505.375,108.15474700927734,10173204.0,2.4167702198028564,9.47,48.24,34.79,7.5,0.09470000000000002,0.48240000000000005,0.34790000000000004,0.07500000000000001,1.0,0.9999999999999999
IND,India,india,India,2010,5621831.5,467.4125061035156,20219374.0,1.9660980701446533,42.29,15.63,33.0,9.08,0.4229,0.1563,0.33,0.0908,1.0,1.0
IRL,Ireland,ireland,Ireland,2010,241319.515625,1.8831759691238403,1015873.6875,3.031862735748291,0.84,18.09,36.81,44.25,0.0084008400840084,0.18091809180918092,0.3681368136813682,0.44254425442544254,1.0,0.9999
IRN,Iran (Islamic Republic of),iran islamic republic of,Iran (Islamic Republic of),2010,1410083.0,20.674331665039062,5287025.0,2.1219894886016846,16.82,22.39,42.52,18.27,0.16820000000000002,0.22390000000000002,0.4252,0.1827,1.0,1.0
IRQ,Iraq,iraq,Iraq,2010,389782.8125,6.4105424880981445,606313.0,2.173938512802124,28.09,32.88,24.76,14.27,0.2809,0.32880000000000004,0.24760000000000001,0.1427,1.0,1.0
ISL,Iceland,iceland,Iceland,2010,13883.66796875,0.1644422709941864,64045.796875,3.0527257919311523,1.53,34.97,35.84,27.65,0.015301530153015303,0.3497349734973497,0.3584358435843585,0.27652765276527647,1.0,0.9999
ISR,Israel,israel,Israel,2010,240089.125,3.380554437637329,801228.625,3.539247989654541,3.05,11.84,41.86,43.25,0.0305,0.1184,0.41859999999999997,0.4325,1.0,1.0
ITA,Italy,italy,Italy,2010,2293011.0,24.79245376586914,12506324.0,2.996690273284912,6.3,19.87,61.69,12.13,0.063006300630063,0.19871987198719873,0.6169616961696169,0.12131213121312132,1.0,0.9999
JAM,Jamaica,jamaica,Jamaica,2010,21172.873046875,1.0949000120162964,157857.5625,2.549626350402832,5.21,22.59,57.46,14.73,0.0521052105210521,0.2259225922592259,0.5746574657465746,0.14731473147314733,1.0,0.9999
JOR,Jordan,jordan,Jordan,2010,77074.9921875,1.8148953914642334,288038.40625,2.7801027297973633,10.12,15.77,57.93,16.18,0.1012,0.1577,0.5793,0.1618,1.0,1.0
JPN,Japan,japan,Japan,2010,5114662.0,66.01461791992188,26394024.0,3.4973220825195312,0.12,12.71,57.04,30.13,0.0012,0.12710000000000002,0.5704,0.3013,1.0,1.0
KAZ,Kazakhstan,kazakhstan,Kazakhstan,2010,331911.3125,7.8960113525390625,774337.3125,3.2301177978515625,0.04,3.04,74.1,22.83,0.00039996000399960006,0.030396960303969604,0.7409259074092591,0.2282771722827717,1.0,1.0001
KEN,Kenya,kenya,Kenya,2010,109637.828125,17.694486618041992,267148.6875,2.165915012359619,26.48,44.45,21.15,7.92,0.2648,0.4445,0.2115,0.07919999999999999,1.0,1.0
KGZ,Kyrgyzstan,kyrgyzstan,Kyrgyzstan,2010,19835.63671875,2.3006112575531006,32824.3359375,3.1568760871887207,1.0,3.37,77.74,17.89,0.01,0.0337,0.7774,0.1789,1.0,1.0
KHM,Cambodia,cambodia,Cambodia,2010,35353.07421875,7.587648868560791,75299.6796875,1.7256673574447632,28.33,56.16,13.46,2.04,0.28332833283328335,0.5616561656165616,0.1346134613461346,0.020402040204020404,0.9999999999999999,0.9999
KOR,Republic of Korea,republic of korea,Republic of Korea,2010,1780067.625,24.02872085571289,7213039.0,3.467933177947998,4.1,11.5,44.6,39.8,0.040999999999999995,0.115,0.446,0.39799999999999996,1.0,1.0
KWT,Kuwait,kuwait,Kuwait,2010,233032.59375,1.7149981260299683,369998.59375,2.1476356983184814,7.13,43.99,40.6,8.28,0.0713,0.4399,0.406,0.0828,1.0,1.0
LAO,Lao People's DR,lao people s dr,Lao People's Democratic Republic,2010,27937.341796875,3.1165771484375,79174.6015625,1.8109501600265503,34.59,35.61,24.72,5.07,0.345934593459346,0.35613561356135615,0.24722472247224722,0.05070507050705071,1.0,0.9998999999999999
LBR,Liberia,liberia,Liberia,2010,3420.869873046875,1.3166669607162476,10724.943359375,1.7246019840240479,55.8,17.53,21.36,5.32,0.557944205579442,0.17528247175282474,0.2135786421357864,0.05319468053194681,0.9999999999999999,1.0001
LKA,Sri Lanka,sri lanka,Sri Lanka,2010,186457.375,7.700440883636475,424523.6875,2.8846120834350586,5.4,20.57,59.92,14.11,0.054000000000000006,0.2057,0.5992000000000001,0.1411,1.0,1.0
LSO,Lesotho,lesotho,Lesotho,2010,5373.1884765625,0.6009471416473389,22548.703125,2.014831304550171,15.69,63.44,18.98,1.89,0.1569,0.6344000000000001,0.18980000000000002,0.018900000000000004,1.0,0.9999999999999999
LTU,Lithuania,lithuania,Lithuania,2010,65531.7421875,1.2599159479141235,271580.5,3.1496520042419434,0.0,8.37,62.35,29.29,0.0,0.0836916308369163,0.6234376562343766,0.29287071292870714,1.0,1.0001
LUX,Luxembourg,luxembourg,Luxembourg,2010,34426.83984375,0.35917413234710693,159612.40625,3.186408281326294,4.87,20.41,42.8,31.92,0.0487,0.2041,0.428,0.31920000000000004,1.0,1.0
LVA,Latvia,latvia,Latvia,2010,40952.0234375,0.8519376516342163,272943.28125,3.0294175148010254,0.22,4.29,77.51,17.98,0.0022,0.0429,0.7751,0.17980000000000002,1.0,1.0
MAC,"China, Macao SAR",china macao sar,"China, Macao Special Administrative Region",2010,56330.0390625,0.3183000087738037,124072.0625,2.5749733448028564,3.75,24.71,53.4,18.13,0.0375037503750375,0.24712471247124715,0.534053405340534,0.1813181318131813,1.0,0.9999
MAR,Morocco,morocco,Morocco,2010,223102.84375,10.911794662475586,1106021.125,1.7502882480621338,50.89,23.79,15.96,9.36,0.5089,0.2379,0.15960000000000002,0.09359999999999999,1.0,1.0
MDA,Republic of Moldova,republic of moldova,Republic of Moldova,2010,20961.734375,1.245815396308899,58721.80859375,3.066927909851074,1.11,5.1,76.82,16.97,0.011100000000000002,0.051000000000000004,0.7682,0.16970000000000002,1.0,0.9999999999999999
MDV,Maldives,maldives,Maldives,2010,5255.90478515625,0.11979590356349945,13887.9150390625,1.7761234045028687,29.47,40.46,28.24,1.83,0.29469999999999996,0.4046,0.2824,0.0183,1.0,1.0
MEX,Mexico,mexico,Mexico,2010,1925128.875,46.121620178222656,7250142.5,2.599172830581665,9.34,34.35,38.65,17.67,0.0933906609339066,0.34346565343465657,0.38646135386461355,0.17668233176682335,1.0,1.0001
MLI,Mali,mali,Mali,2010,30366.767578125,4.4653000831604,34214.75390625,1.2226152420043945,81.37,8.3,8.41,1.91,0.8137813781378138,0.08300830083008301,0.0841084108410841,0.0191019101910191,1.0,0.9999000000000001
MLT,Malta,malta,Malta,2010,11165.517578125,0.16280584037303925,41957.26171875,2.999403238296509,1.92,28.34,56.25,13.49,0.0192,0.2834,0.5625,0.1349,1.0,1.0
MMR,Myanmar,myanmar,Myanmar,2010,186192.46875,20.4996280670166,259063.375,1.7253780364990234,21.72,59.08,11.71,7.48,0.21722172217221722,0.5908590859085909,0.11711171117111713,0.07480748074807482,1.0,0.9998999999999999
MNG,Mongolia,mongolia,Mongolia,2010,23815.85546875,1.1746999025344849,131963.734375,2.7936272621154785,4.46,10.75,61.06,23.74,0.04459554044595541,0.10748925107489252,0.6105389461053895,0.2373762623737626,1.0,1.0001
MOZ,Mozambique,mozambique,Mozambique,2010,28875.5,8.550308227539062,45839.5234375,1.1809171438217163,74.6,21.77,3.13,0.5,0.746,0.2177,0.0313,0.005,1.0,1.0
MRT,Mauritania,mauritania,Mauritania,2010,15612.0673828125,0.8530433773994446,74895.2578125,1.6570870876312256,44.58,41.03,12.14,2.25,0.4458,0.4103,0.12140000000000001,0.0225,1.0,1.0
MUS,Mauritius,mauritius,Mauritius,2010,21325.560546875,0.5205148458480835,82749.40625,2.4764835834503174,6.63,39.39,48.7,5.28,0.0663,0.39390000000000003,0.48700000000000004,0.0528,1.0,1.0
MWI,Malawi,malawi,Malawi,2010,16858.490234375,5.936855792999268,36953.86328125,1.6919158697128296,29.61,54.11,15.93,0.36,0.2960703929607039,0.541045895410459,0.15928407159284072,0.0035996400359964,1.0,1.0001
MYS,Malaysia,malaysia,Malaysia,2010,562027.8125,12.039651870727539,1915010.125,2.883427619934082,8.78,23.0,51.85,16.37,0.08779999999999999,0.23,0.5185,0.1637,1.0,1.0
NAM,Namibia,namibia,Namibia,2010,19007.91796875,0.5895745754241943,72003.046875,2.138727903366089,20.92,45.23,31.68,2.17,0.20920000000000002,0.4523,0.31679999999999997,0.0217,1.0,1.0
NER,Niger,niger,Niger,2010,19601.61328125,6.840512275695801,80051.0078125,1.167344093322754,78.16,16.7,4.04,1.11,0.7815218478152185,0.166983301669833,0.0403959604039596,0.011098890110988902,1.0,1.0001
NIC,Nicaragua,nicaragua,Nicaragua,2010,26013.2734375,2.161393165588379,93843.921875,2.0908353328704834,23.14,37.97,27.73,11.15,0.23142314231423142,0.3797379737973797,0.2773277327732773,0.1115111511151115,1.0,0.9999
NLD,Netherlands,netherlands,Netherlands,2010,843381.4375,8.814677238464355,3763100.75,3.2709224224090576,0.0,10.48,60.71,28.82,0.0,0.10478952104789521,0.607039296070393,0.28817118288171184,1.0,1.0001
NOR,Norway,norway,Norway,2010,408091.65625,2.5449225902557373,1254158.75,3.5749871730804443,5.85,0.28,64.52,29.36,0.0584941505849415,0.002799720027997201,0.6451354864513549,0.2935706429357064,1.0,1.0001
NPL,Nepal,nepal,Nepal,2010,57221.33203125,12.6196870803833,187521.46875,1.5591062307357788,50.58,22.04,24.03,3.35,0.5058000000000001,0.2204,0.24030000000000004,0.03350000000000001,1.0000000000000002,0.9999999999999999
NZL,New Zealand,new zealand,New Zealand,2010,152528.84375,2.186931610107422,447596.46875,3.203183889389038,0.14,35.16,27.89,36.81,0.0014000000000000002,0.35159999999999997,0.2789,0.36810000000000004,1.0,1.0
PAK,Pakistan,pakistan,Pakistan,2010,754368.875,53.119544982910156,1253401.375,1.7892049551010132,52.47,15.33,25.53,6.67,0.5246999999999999,0.1533,0.2553,0.0667,1.0,1.0
PAN,Panama,panama,Panama,2010,59501.83984375,1.455299973487854,143844.671875,2.7511157989501953,8.14,34.27,33.98,23.61,0.0814,0.3427,0.3398,0.2361,1.0,1.0
PER,Peru,peru,Peru,2010,293563.21875,14.223339080810547,785214.5625,2.6818907260894775,6.84,33.98,38.3,20.87,0.06840684068406841,0.33983398339833987,0.383038303830383,0.20872087208720874,1.0,0.9998999999999999
PHL,Philippines,philippines,Philippines,2010,546330.6875,36.147220611572266,1827379.75,2.5914340019226074,3.37,31.77,40.65,24.22,0.03369663033696631,0.3176682331766823,0.4064593540645935,0.24217578242175783,1.0,1.0001
POL,Poland,poland,Poland,2010,897993.375,15.326408386230469,1996998.375,3.230424642562866,0.29,18.02,60.55,21.13,0.0029002900290029,0.18021802180218022,0.6055605560556054,0.2113211321132113,0.9999999999999998,0.9999
PRT,Portugal,portugal,Portugal,2010,305685.21875,4.91168737411499,2162823.25,2.3612513542175293,11.76,46.32,29.2,12.72,0.1176,0.4632,0.292,0.1272,1.0,1.0
PRY,Paraguay,paraguay,Paraguay,2010,65605.7734375,2.677053689956665,231727.140625,2.3709867000579834,4.49,56.71,28.37,10.42,0.044904490449044904,0.5671567156715671,0.2837283728372837,0.10421042104210419,0.9999999999999999,0.9999000000000001
QAT,Qatar,qatar,Qatar,2010,256145.703125,1.2702000141143799,656942.5625,2.6398301124572754,3.9,43.51,33.78,18.8,0.039003900390039,0.4351435143514351,0.3378337833783378,0.18801880188018802,1.0,0.9999
ROU,Romania,romania,Romania,2010,378044.59375,8.712800025939941,1269982.625,3.0996644496917725,1.84,10.88,75.42,11.85,0.0184018401840184,0.10881088108810882,0.7542754275427542,0.1185118511851185,1.0,0.9999
RUS,Russian Federation,russian federation,Russian Federation,2010,3468686.25,70.37236785888672,13374047.0,3.2980799674987793,0.9,5.62,31.75,62.02,0.008973975471133712,0.05603749127530162,0.31658191245388373,0.6184066207996809,1.0,1.0029000000000001
RWA,Rwanda,rwanda,Rwanda,2010,16322.490234375,4.4824652671813965,24776.30859375,1.5950671434402466,53.2,38.42,6.96,1.42,0.5319999999999999,0.38419999999999993,0.06959999999999998,0.014199999999999996,0.9999999999999999,1.0000000000000002
SAU,Saudi Arabia,saudi arabia,Saudi Arabia,2010,1390218.375,8.93005084991455,3528118.75,2.5051259994506836,18.07,27.27,40.93,13.72,0.18071807180718072,0.2727272727272727,0.4093409340934093,0.13721372137213722,1.0,0.9999
SDN,Sudan,sudan,Sudan,2010,141242.984375,8.412276268005371,581822.0625,1.5208241939544678,55.73,29.12,12.39,2.76,0.5573,0.2912,0.12390000000000001,0.0276,1.0,1.0
SEN,Senegal,senegal,Senegal,2010,39352.828125,4.325661659240723,131108.203125,1.453606367111206,65.26,23.9,7.86,2.98,0.6526000000000001,0.239,0.0786,0.0298,1.0,1.0
SGP,Singapore,singapore,Singapore,2010,369290.46875,3.1083149909973145,1488260.375,3.060360908508301,16.39,7.41,39.23,36.97,0.16390000000000002,0.0741,0.3923,0.3697,1.0,1.0
SLE,Sierra Leone,sierra leone,Sierra Leone,2010,8106.5869140625,2.103102684020996,18040.591796875,1.506676435470581,65.14,19.2,14.34,1.31,0.6514651465146515,0.19201920192019203,0.14341434143414342,0.013101310131013103,1.0,0.9998999999999999
SLV,El Salvador,el salvador,El Salvador,2010,37411.19140625,2.4802632331848145,82054.71875,2.0186495780944824,4.22,54.09,34.91,6.78,0.042199999999999994,0.5409,0.34909999999999997,0.0678,1.0,1.0
SRB,Serbia,serbia,Serbia,2010,108497.65625,2.399261951446533,538484.875,3.133087396621704,3.25,10.27,70.18,16.3,0.0325,0.1027,0.7018000000000001,0.163,1.0,1.0
SVK,Slovakia,slovakia,Slovakia,2010,146741.875,2.190112590789795,484717.90625,3.612762928009033,0.26,0.74,81.72,17.28,0.0026,0.0074,0.8172,0.1728,1.0,1.0
SVN,Slovenia,slovenia,Slovenia,2010,60950.0546875,0.9643076062202454,323130.5,3.39108943939209,0.48,3.46,73.76,22.3,0.0048,0.0346,0.7376,0.223,1.0,1.0
SWE,Sweden,sweden,Sweden,2010,434925.3125,4.4949774742126465,1799197.625,3.346539258956909,1.73,12.71,57.42,28.15,0.0172982701729827,0.1270872912708729,0.5741425857414257,0.2814718528147184,0.9999999999999998,1.0001000000000002
SWZ,Eswatini,eswatini,Swaziland,2010,9329.5078125,0.25342121720314026,44560.80078125,1.7123980522155762,44.82,31.38,22.54,1.27,0.44815518448155184,0.3137686231376862,0.2253774622537746,0.012698730126987301,1.0,1.0001
SYR,Syrian Arab Republic,syrian arab republic,Syrian Arab Republic,2010,132627.015625,5.2635321617126465,390202.34375,2.387016773223877,20.87,44.84,28.07,6.22,0.2087,0.4484,0.2807,0.0622,1.0,1.0
TGO,Togo,togo,Togo,2010,8331.79296875,2.617223024368286,37436.484375,1.7663685083389282,49.84,23.22,24.31,2.63,0.4984,0.2322,0.24309999999999998,0.0263,1.0,1.0
THA,Thailand,thailand,Thailand,2010,933518.0625,38.012290954589844,3748098.5,2.5527467727661133,3.66,57.49,26.33,12.53,0.0365963403659634,0.5748425157484252,0.2632736726327367,0.1252874712528747,1.0,1.0001
TJK,Tajikistan,tajikistan,Tajikistan,2010,22948.115234375,2.2450428009033203,228480.390625,3.1185014247894287,0.37,6.41,84.49,8.73,0.0037,0.0641,0.8449,0.0873,1.0,1.0
TTO,Trinidad and Tobago,trinidad and tobago,Trinidad and Tobago,2010,42359.0,0.5823000073432922,152059.921875,3.007477283477783,1.32,39.05,50.02,9.61,0.013200000000000002,0.3905,0.5002000000000001,0.0961,1.0000000000000002,0.9999999999999999
TUN,Tunisia,tunisia,Tunisia,2010,127878.953125,3.574774742126465,606654.375,2.217883825302124,26.83,33.84,26.83,12.5,0.2683,0.33840000000000003,0.2683,0.125,1.0,1.0
TUR,Turkey,turkey,Turkey,2010,1430262.375,22.581518173217773,4660637.5,2.2143657207489014,11.3,52.27,25.72,10.71,0.113,0.5227,0.2572,0.10710000000000001,1.0,1.0
TWN,Taiwan,taiwan,Taiwan,2010,964466.0,10.493144989013672,3483863.5,3.0786547660827637,2.83,16.07,46.12,34.97,0.028302830283028303,0.16071607160716073,0.46124612461246123,0.3497349734973497,1.0,0.9999
TZA,U.R. of Tanzania: Mainland,u r of tanzania mainland,United Republic of Tanzania,2010,98450.6953125,18.24154281616211,475402.5625,1.5961668491363525,26.09,66.37,6.74,0.8,0.2609,0.6637000000000001,0.0674,0.008,1.0,1.0
UGA,Uganda,uganda,Uganda,2010,63122.69140625,10.105009078979492,200289.5625,1.9720501899719238,20.7,50.47,25.87,2.96,0.20700000000000002,0.5047000000000001,0.25870000000000004,0.029600000000000005,1.0000000000000002,0.9999999999999999
UKR,Ukraine,ukraine,Ukraine,2010,440252.15625,20.252878189086914,2211308.0,3.213732957839966,1.49,4.97,53.63,39.92,0.014898510148985102,0.0496950304969503,0.5362463753624638,0.39916008399160086,1.0,1.0001
URY,Uruguay,uruguay,Uruguay,2010,59494.7890625,1.6038750410079956,243266.9375,2.5791146755218506,1.62,48.88,40.09,9.41,0.016200000000000003,0.4888,0.40090000000000003,0.0941,1.0,1.0
USA,United States,united states,USA,2010,16651722.0,140.71380615234375,61035260.0,3.7017533779144287,0.39,2.54,39.79,57.28,0.0039000000000000003,0.0254,0.3979,0.5728,1.0,1.0
VEN,Venezuela (Bolivarian Republic of),venezuela bolivarian republic of,Venezuela,2010,540223.875,12.00979995727539,2352053.25,2.588259220123291,6.62,39.62,37.84,15.92,0.0662,0.3962,0.3784,0.1592,1.0,1.0
VNM,Viet Nam,viet nam,Viet Nam,2010,418834.9375,49.048500061035156,1127148.5,2.4207711219787598,8.16,27.2,57.8,6.84,0.0816,0.272,0.578,0.0684,1.0,1.0
YEM,Yemen,yemen,Yemen,2010,113271.515625,4.295603275299072,230562.3125,1.4162533283233643,69.25,13.14,15.08,2.53,0.6924999999999999,0.1314,0.15079999999999996,0.025299999999999993,0.9999999999999998,1.0000000000000002
ZAF,South Africa,south africa,South Africa,2010,660532.4375,15.727519035339355,2272312.0,2.5043632984161377,7.82,19.05,66.98,6.14,0.0782078207820782,0.1905190519051905,0.6698669866986698,0.0614061406140614,0.9999999999999999,0.9999000000000001
ZMB,Zambia,zambia,Zambia,2010,45006.21875,3.704169988632202,243631.578125,2.2221286296844482,18.42,46.61,33.47,1.5,0.18420000000000003,0.4661,0.3347,0.015,1.0,1.0
ZWE,Zimbabwe,zimbabwe,Zimbabwe,2010,28976.095703125,5.753274440765381,59581.9765625,2.3726048469543457,8.51,36.14,54.26,1.08,0.0851085108510851,0.36143614361436144,0.5426542654265426,0.010801080108010801,1.0,0.9999
